season,competition_type,schedule_slug,game_slug,game_number_from_slug,game_number,game_id,event_numeric_id,event_status,schedule_event_status,week,league,start_time_unix,start_time_utc,game_date_utc,venue,venue_location,location,period,clock_minutes,clock_seconds,away_team_id_raw,away_team_name_raw,home_team_id_raw,home_team_name_raw,away_team_id,away_team_name,home_team_id,home_team_name,away_score,home_score,winner_team_id_raw,loser_team_id_raw,winner_team_id,loser_team_id,event_summary_path,team_game_stats_path,player_game_stats_path,round_label
2022,post,playoffs-quarterfinal-1-2022-9-3,playoffs-quarterfinal-1-2022-9-3,,41,2022_ev43,129,3,3.0,12,PLL,1662220800.0,2022-09-03 16:00:00+00:00,2022-09-03,Gillette Stadium,,"Boston, MA",4,0,0,CHA,Chaos,CHR,Chrome,CHA,Chaos,OUT,Outlaws,11.0,3.0,CHA,CHR,CHA,OUT,/home/runner/work/PLL_Analytics/PLL_Analytics/data/source_data/api_responses/season_2022/game_playoffs-quarterfinal-1-2022-9-3/event_summary.json.gz,/home/runner/work/PLL_Analytics/PLL_Analytics/data/source_data/api_responses/season_2022/game_playoffs-quarterfinal-1-2022-9-3/team_game_stats.json.gz,/home/runner/work/PLL_Analytics/PLL_Analytics/data/source_data/api_responses/season_2022/game_playoffs-quarterfinal-1-2022-9-3/player_game_stats.json.gz,Quarterfinals
2022,post,playoffs-quarterfinal-2-2022-9-3,playoffs-quarterfinal-2-2022-9-3,,42,2022_ev44,128,3,3.0,12,PLL,1662229800.0,2022-09-03 18:30:00+00:00,2022-09-03,Gillette Stadium,,"Boston, MA",4,0,0,RED,Redwoods,ARC,Archers,RED,Redwoods,ARC,Archers,8.0,13.0,ARC,RED,ARC,RED,/home/runner/work/PLL_Analytics/PLL_Analytics/data/source_data/api_responses/season_2022/game_playoffs-quarterfinal-2-2022-9-3/event_summary.json.gz,/home/runner/work/PLL_Analytics/PLL_Analytics/data/source_data/api_responses/season_2022/game_playoffs-quarterfinal-2-2022-9-3/team_game_stats.json.gz,/home/runner/work/PLL_Analytics/PLL_Analytics/data/source_data/api_responses/season_2022/game_playoffs-quarterfinal-2-2022-9-3/player_game_stats.json.gz,Quarterfinals
2022,post,playoffs-quarterfinal-3-2022-9-3,playoffs-quarterfinal-3-2022-9-3,,43,2022_ev45,127,3,3.0,12,PLL,1662239400.0,2022-09-03 21:10:00+00:00,2022-09-03,Gillette Stadium,,"Boston, MA",4,0,0,WAT,Waterdogs,ATL,Atlas,WAT,Waterdogs,ATL,Atlas,19.0,14.0,WAT,ATL,WAT,ATL,/home/runner/work/PLL_Analytics/PLL_Analytics/data/source_data/api_responses/season_2022/game_playoffs-quarterfinal-3-2022-9-3/event_summary.json.gz,/home/runner/work/PLL_Analytics/PLL_Analytics/data/source_data/api_responses/season_2022/game_playoffs-quarterfinal-3-2022-9-3/team_game_stats.json.gz,/home/runner/work/PLL_Analytics/PLL_Analytics/data/source_data/api_responses/season_2022/game_playoffs-quarterfinal-3-2022-9-3/player_game_stats.json.gz,Quarterfinals
2022,post,playoffs-semifinal-2-2022-9-11,playoffs-semifinal-2-2022-9-11,,44,2022_ev47,125,3,3.0,13,PLL,1662915600.0,2022-09-11 17:00:00+00:00,2022-09-11,Audi Field,,"Washington, D.C.",4,0,0,WAT,Waterdogs,WHP,Whipsnakes,WAT,Waterdogs,WHP,Whipsnakes,11.0,10.0,WAT,WHP,WAT,WHP,/home/runner/work/PLL_Analytics/PLL_Analytics/data/source_data/api_responses/season_2022/game_playoffs-semifinal-2-2022-9-11/event_summary.json.gz,/home/runner/work/PLL_Analytics/PLL_Analytics/data/source_data/api_responses/season_2022/game_playoffs-semifinal-2-2022-9-11/team_game_stats.json.gz,/home/runner/work/PLL_Analytics/PLL_Analytics/data/source_data/api_responses/season_2022/game_playoffs-semifinal-2-2022-9-11/player_game_stats.json.gz,Semifinals
2022,post,playoffs-semifinal-1-2022-9-11,playoffs-semifinal-1-2022-9-11,,45,2022_ev46,126,3,3.0,13,PLL,1662924600.0,2022-09-11 19:30:00+00:00,2022-09-11,Audi Field,,"Washington, D.C.",4,0,0,CHA,Chaos,ARC,Archers,CHA,Chaos,ARC,Archers,9.0,7.0,CHA,ARC,CHA,ARC,/home/runner/work/PLL_Analytics/PLL_Analytics/data/source_data/api_responses/season_2022/game_playoffs-semifinal-1-2022-9-11/event_summary.json.gz,/home/runner/work/PLL_Analytics/PLL_Analytics/data/source_data/api_responses/season_2022/game_playoffs-semifinal-1-2022-9-11/team_game_stats.json.gz,/home/runner/work/PLL_Analytics/PLL_Analytics/data/source_data/api_responses/season_2022/game_playoffs-semifinal-1-2022-9-11/player_game_stats.json.gz,Semifinals
2022,post,championship-2022-9-18,championship-2022-9-18,,46,2022_ev48,124,3,3.0,14,PLL,1663527600.0,2022-09-18 19:00:00+00:00,2022-09-18,Subaru Park,,"Philadelphia, PA",4,0,0,CHA,Chaos,WAT,Waterdogs,CHA,Chaos,WAT,Waterdogs,9.0,11.0,WAT,CHA,WAT,CHA,/home/runner/work/PLL_Analytics/PLL_Analytics/data/source_data/api_responses/season_2022/game_championship-2022-9-18/event_summary.json.gz,/home/runner/work/PLL_Analytics/PLL_Analytics/data/source_data/api_responses/season_2022/game_championship-2022-9-18/team_game_stats.json.gz,/home/runner/work/PLL_Analytics/PLL_Analytics/data/source_data/api_responses/season_2022/game_championship-2022-9-18/player_game_stats.json.gz,Championship Game
2023,post,playoffs-quarterfinal-3-2023-9-1,playoffs-quarterfinal-3-2023-9-1,,41,2023_ev45,225,3,3.0,12,PLL,1693842300.0,2023-09-04 15:45:00+00:00,2023-09-04,Gillette Stadium,,"Boston, MA",4,0,0,CHA,Chaos,RED,Redwoods,CHA,Chaos,RED,Redwoods,9.0,15.0,RED,CHA,RED,CHA,/home/runner/work/PLL_Analytics/PLL_Analytics/data/source_data/api_responses/season_2023/game_playoffs-quarterfinal-3-2023-9-1/event_summary.json.gz,/home/runner/work/PLL_Analytics/PLL_Analytics/data/source_data/api_responses/season_2023/game_playoffs-quarterfinal-3-2023-9-1/team_game_stats.json.gz,/home/runner/work/PLL_Analytics/PLL_Analytics/data/source_data/api_responses/season_2023/game_playoffs-quarterfinal-3-2023-9-1/player_game_stats.json.gz,Quarterfinal
2023,post,playoffs-quarterfinal-2-2023-9-1,playoffs-quarterfinal-2-2023-9-1,,42,2023_ev44,224,2,2.0,12,PLL,1693851600.0,2023-09-04 18:20:00+00:00,2023-09-04,Gillette Stadium,,"Boston, MA",4,0,0,WHP,Whipsnakes,WAT,Waterdogs,WHP,Whipsnakes,WAT,Waterdogs,12.0,15.0,WAT,WHP,WAT,WHP,/home/runner/work/PLL_Analytics/PLL_Analytics/data/source_data/api_responses/season_2023/game_playoffs-quarterfinal-2-2023-9-1/event_summary.json.gz,/home/runner/work/PLL_Analytics/PLL_Analytics/data/source_data/api_responses/season_2023/game_playoffs-quarterfinal-2-2023-9-1/team_game_stats.json.gz,/home/runner/work/PLL_Analytics/PLL_Analytics/data/source_data/api_responses/season_2023/game_playoffs-quarterfinal-2-2023-9-1/player_game_stats.json.gz,Quarterfinal
2023,post,playoffs-quarterfinal-1-2023-9-1,playoffs-quarterfinal-1-2023-9-1,,43,2023_ev43,223,3,3.0,12,PLL,1693861200.0,2023-09-04 21:00:00+00:00,2023-09-04,Gillette Stadium,,"Boston, MA",4,0,0,ATL,Atlas,CAN,Cannons,ATL,Atlas,CAN,Cannons,11.0,20.0,CAN,ATL,CAN,ATL,/home/runner/work/PLL_Analytics/PLL_Analytics/data/source_data/api_responses/season_2023/game_playoffs-quarterfinal-1-2023-9-1/event_summary.json.gz,/home/runner/work/PLL_Analytics/PLL_Analytics/data/source_data/api_responses/season_2023/game_playoffs-quarterfinal-1-2023-9-1/team_game_stats.json.gz,/home/runner/work/PLL_Analytics/PLL_Analytics/data/source_data/api_responses/season_2023/game_playoffs-quarterfinal-1-2023-9-1/player_game_stats.json.gz,Quarterfinal
2023,post,playoffs-semifinal-2-2023-9-8,playoffs-semifinal-2-2023-9-8,,44,2023_ev47,227,3,3.0,13,PLL,1694372400.0,2023-09-10 19:00:00+00:00,2023-09-10,Shuart Stadium,,"Long Island, NY",4,0,0,RED,Redwoods,ARC,Archers,RED,Redwoods,ARC,Archers,6.0,14.0,ARC,RED,ARC,RED,/home/runner/work/PLL_Analytics/PLL_Analytics/data/source_data/api_responses/season_2023/game_playoffs-semifinal-2-2023-9-8/event_summary.json.gz,/home/runner/work/PLL_Analytics/PLL_Analytics/data/source_data/api_responses/season_2023/game_playoffs-semifinal-2-2023-9-8/team_game_stats.json.gz,/home/runner/work/PLL_Analytics/PLL_Analytics/data/source_data/api_responses/season_2023/game_playoffs-semifinal-2-2023-9-8/player_game_stats.json.gz,Semifinal
2023,post,playoffs-semifinal-1-2023-9-8,playoffs-semifinal-1-2023-9-8,,45,2023_ev46,226,3,3.0,13,PLL,1694381400.0,2023-09-10 21:30:00+00:00,2023-09-10,Shuart Stadium,,"Long Island, NY",4,0,0,WAT,Waterdogs,CAN,Cannons,WAT,Waterdogs,CAN,Cannons,17.0,6.0,WAT,CAN,WAT,CAN,/home/runner/work/PLL_Analytics/PLL_Analytics/data/source_data/api_responses/season_2023/game_playoffs-semifinal-1-2023-9-8/event_summary.json.gz,/home/runner/work/PLL_Analytics/PLL_Analytics/data/source_data/api_responses/season_2023/game_playoffs-semifinal-1-2023-9-8/team_game_stats.json.gz,/home/runner/work/PLL_Analytics/PLL_Analytics/data/source_data/api_responses/season_2023/game_playoffs-semifinal-1-2023-9-8/player_game_stats.json.gz,Semifinal
2023,post,championship-2023-9-22,championship-2023-9-22,,46,2023_ev48,228,2,2.0,14,PLL,1695582000.0,2023-09-24 19:00:00+00:00,2023-09-24,Subaru Park,,"Philadelphia, PA",4,0,0,WAT,Waterdogs,ARC,Archers,WAT,Waterdogs,ARC,Archers,14.0,15.0,ARC,WAT,ARC,WAT,/home/runner/work/PLL_Analytics/PLL_Analytics/data/source_data/api_responses/season_2023/game_championship-2023-9-22/event_summary.json.gz,/home/runner/work/PLL_Analytics/PLL_Analytics/data/source_data/api_responses/season_2023/game_championship-2023-9-22/team_game_stats.json.gz,/home/runner/work/PLL_Analytics/PLL_Analytics/data/source_data/api_responses/season_2023/game_championship-2023-9-22/player_game_stats.json.gz,Cash App Championship
2024,post,playoffs-quarterfinal-1-2024-9-2,playoffs-quarterfinal-1-2024-9-2,,41,2024_ev42,285,3,3.0,12,PLL,1725307200.0,2024-09-02 20:00:00+00:00,2024-09-02,Gillette Stadium,,"Boston, MA",4,0,0,CHA,Chaos,CAN,Cannons,CHA,Chaos,CAN,Cannons,8.0,4.0,CHA,CAN,CHA,CAN,/home/runner/work/PLL_Analytics/PLL_Analytics/data/source_data/api_responses/season_2024/game_playoffs-quarterfinal-1-2024-9-2/event_summary.json.gz,/home/runner/work/PLL_Analytics/PLL_Analytics/data/source_data/api_responses/season_2024/game_playoffs-quarterfinal-1-2024-9-2/team_game_stats.json.gz,/home/runner/work/PLL_Analytics/PLL_Analytics/data/source_data/api_responses/season_2024/game_playoffs-quarterfinal-1-2024-9-2/player_game_stats.json.gz,Quarterfinal
2024,post,playoffs-quarterfinal-2-2024-9-2,playoffs-quarterfinal-2-2024-9-2,,42,2024_ev43,286,3,3.0,12,PLL,1725316200.0,2024-09-02 22:30:00+00:00,2024-09-02,Gillette Stadium,,"Boston, MA",4,0,0,OUT,Outlaws,WHP,Whipsnakes,OUT,Outlaws,WHP,Whipsnakes,10.0,11.0,WHP,OUT,WHP,OUT,/home/runner/work/PLL_Analytics/PLL_Analytics/data/source_data/api_responses/season_2024/game_playoffs-quarterfinal-2-2024-9-2/event_summary.json.gz,/home/runner/work/PLL_Analytics/PLL_Analytics/data/source_data/api_responses/season_2024/game_playoffs-quarterfinal-2-2024-9-2/team_game_stats.json.gz,/home/runner/work/PLL_Analytics/PLL_Analytics/data/source_data/api_responses/season_2024/game_playoffs-quarterfinal-2-2024-9-2/player_game_stats.json.gz,Quarterfinal
2024,post,playoffs-semifinal-1-2024-9-8,playoffs-semifinal-1-2024-9-8,,43,2024_ev44,294,3,3.0,13,PLL,1725742800.0,2024-09-07 21:00:00+00:00,2024-09-07,Shuart Stadium,,"Long Island, NY",5,4,54,WHP,Whipsnakes,ATL,Atlas,WHP,Whipsnakes,ATL,Atlas,12.0,11.0,WHP,ATL,WHP,ATL,/home/runner/work/PLL_Analytics/PLL_Analytics/data/source_data/api_responses/season_2024/game_playoffs-semifinal-1-2024-9-8/event_summary.json.gz,/home/runner/work/PLL_Analytics/PLL_Analytics/data/source_data/api_responses/season_2024/game_playoffs-semifinal-1-2024-9-8/team_game_stats.json.gz,/home/runner/work/PLL_Analytics/PLL_Analytics/data/source_data/api_responses/season_2024/game_playoffs-semifinal-1-2024-9-8/player_game_stats.json.gz,Semifinal
2024,post,playoffs-semifinal-2-2024-9-8,playoffs-semifinal-2-2024-9-8,,44,2024_ev45,295,3,3.0,13,PLL,1725751800.0,2024-09-07 23:30:00+00:00,2024-09-07,Shuart Stadium,,"Long Island, NY",4,0,0,CHA,Chaos,ARC,Archers,CHA,Chaos,ARC,Archers,1.0,10.0,ARC,CHA,ARC,CHA,/home/runner/work/PLL_Analytics/PLL_Analytics/data/source_data/api_responses/season_2024/game_playoffs-semifinal-2-2024-9-8/event_summary.json.gz,/home/runner/work/PLL_Analytics/PLL_Analytics/data/source_data/api_responses/season_2024/game_playoffs-semifinal-2-2024-9-8/team_game_stats.json.gz,/home/runner/work/PLL_Analytics/PLL_Analytics/data/source_data/api_responses/season_2024/game_playoffs-semifinal-2-2024-9-8/player_game_stats.json.gz,Semifinal
2024,post,championship-2024-9-15,championship-2024-9-15,,45,2024_ev46,289,3,3.0,14,PLL,1726426800.0,2024-09-15 19:00:00+00:00,2024-09-15,Subaru Park,,"Philadelphia, PA",4,0,0,WHP,Whipsnakes,ARC,Archers,WHP,Whipsnakes,ARC,Archers,8.0,12.0,ARC,WHP,ARC,WHP,/home/runner/work/PLL_Analytics/PLL_Analytics/data/source_data/api_responses/season_2024/game_championship-2024-9-15/event_summary.json.gz,/home/runner/work/PLL_Analytics/PLL_Analytics/data/source_data/api_responses/season_2024/game_championship-2024-9-15/team_game_stats.json.gz,/home/runner/work/PLL_Analytics/PLL_Analytics/data/source_data/api_responses/season_2024/game_championship-2024-9-15/player_game_stats.json.gz,Cash App Championship
2025,post,2025_quarterfinal_1,2025_quarterfinal_1,,41,2025_ev_43,375,3,3.0,12,PLL,1755986400.0,2025-08-23 22:00:00+00:00,2025-08-23,TCO Stadium,,"Minneapolis, MN",4,0,0,WAT,Waterdogs,WHP,Whipsnakes,WAT,Waterdogs,WHP,Whipsnakes,14.0,12.0,WAT,WHP,WAT,WHP,/home/runner/work/PLL_Analytics/PLL_Analytics/data/source_data/api_responses/season_2025/game_2025_quarterfinal_1/event_summary.json.gz,/home/runner/work/PLL_Analytics/PLL_Analytics/data/source_data/api_responses/season_2025/game_2025_quarterfinal_1/team_game_stats.json.gz,/home/runner/work/PLL_Analytics/PLL_Analytics/data/source_data/api_responses/season_2025/game_2025_quarterfinal_1/player_game_stats.json.gz,Quarterfinal 1
2025,post,2025_quarterfinal_2,2025_quarterfinal_2,,42,2025_ev_44,376,3,3.0,12,PLL,1755995400.0,2025-08-24 00:30:00+00:00,2025-08-24,TCO Stadium,,"Minneapolis, MN",4,0,0,CHA,Chaos,RED,Redwoods,CHA,Chaos,RED,Redwoods,12.0,14.0,RED,CHA,RED,CHA,/home/runner/work/PLL_Analytics/PLL_Analytics/data/source_data/api_responses/season_2025/game_2025_quarterfinal_2/event_summary.json.gz,/home/runner/work/PLL_Analytics/PLL_Analytics/data/source_data/api_responses/season_2025/game_2025_quarterfinal_2/team_game_stats.json.gz,/home/runner/work/PLL_Analytics/PLL_Analytics/data/source_data/api_responses/season_2025/game_2025_quarterfinal_2/player_game_stats.json.gz,Quarterfinal 2
2025,post,2025_semifinal_2,2025_semifinal_2,,43,2025_ev_48,380,3,3.0,13,PLL,1756742400.0,2025-09-01 16:00:00+00:00,2025-09-01,Subaru Park,,"Philadelphia, PA",4,0,0,WAT,Waterdogs,ATL,Atlas,WAT,Waterdogs,ATL,Atlas,11.0,13.0,ATL,WAT,ATL,WAT,/home/runner/work/PLL_Analytics/PLL_Analytics/data/source_data/api_responses/season_2025/game_2025_semifinal_2/event_summary.json.gz,/home/runner/work/PLL_Analytics/PLL_Analytics/data/source_data/api_responses/season_2025/game_2025_semifinal_2/team_game_stats.json.gz,/home/runner/work/PLL_Analytics/PLL_Analytics/data/source_data/api_responses/season_2025/game_2025_semifinal_2/player_game_stats.json.gz,Semifinal 2
2025,post,2025_semifinal_1,2025_semifinal_1,,44,2025_ev_47,379,3,3.0,13,PLL,1756753200.0,2025-09-01 19:00:00+00:00,2025-09-01,Subaru Park,,"Philadelphia, PA",4,0,0,RED,Redwoods,OUT,Outlaws,RED,Redwoods,OUT,Outlaws,7.0,12.0,OUT,RED,OUT,RED,/home/runner/work/PLL_Analytics/PLL_Analytics/data/source_data/api_responses/season_2025/game_2025_semifinal_1/event_summary.json.gz,/home/runner/work/PLL_Analytics/PLL_Analytics/data/source_data/api_responses/season_2025/game_2025_semifinal_1/team_game_stats.json.gz,/home/runner/work/PLL_Analytics/PLL_Analytics/data/source_data/api_responses/season_2025/game_2025_semifinal_1/player_game_stats.json.gz,Semifinal 1
2025,post,2025_championship_game,2025_championship_game,,45,2025_ev_49,381,3,3.0,14,PLL,1757867400.0,2025-09-14 16:30:00+00:00,2025-09-14,Sports Illustrated Stadium,,"Harrison, NJ",4,0,0,ATL,Atlas,OUT,Outlaws,ATL,Atlas,OUT,Outlaws,14.0,13.0,ATL,OUT,ATL,OUT,/home/runner/work/PLL_Analytics/PLL_Analytics/data/source_data/api_responses/season_2025/game_2025_championship_game/event_summary.json.gz,/home/runner/work/PLL_Analytics/PLL_Analytics/data/source_data/api_responses/season_2025/game_2025_championship_game/team_game_stats.json.gz,/home/runner/work/PLL_Analytics/PLL_Analytics/data/source_data/api_responses/season_2025/game_2025_championship_game/player_game_stats.json.gz,U.S. Bank Championship
2026,post,2026-quarterfinals-1,2026-quarterfinals-1,,49,2026_game_49,524,3,3.0,14,PLL,1788040800.0,2026-08-29 22:00:00+00:00,2026-08-29,TCO Stadium,,"Minneapolis, MN",4,0,0,OUT,Outlaws,RED,Redwoods,OUT,Outlaws,RED,Redwoods,15.0,14.0,OUT,RED,OUT,RED,/home/runner/work/PLL_Analytics/PLL_Analytics/data/source_data/api_responses/season_2026/game_2026-quarterfinals-1/event_summary.json.gz,/home/runner/work/PLL_Analytics/PLL_Analytics/data/source_data/api_responses/season_2026/game_2026-quarterfinals-1/team_game_stats.json.gz,/home/runner/work/PLL_Analytics/PLL_Analytics/data/source_data/api_responses/season_2026/game_2026-quarterfinals-1/player_game_stats.json.gz,Quarterfinal 1
2026,post,2026-quarterfinals-2,2026-quarterfinals-2,,50,2026_game_50,525,3,3.0,14,PLL,1788049800.0,2026-08-30 00:30:00+00:00,2026-08-30,TCO Stadium,,"Minneapolis, MN",4,0,0,WHP,Whipsnakes,CAN,Cannons,WHP,Whipsnakes,CAN,Cannons,7.0,9.0,CAN,WHP,CAN,WHP,/home/runner/work/PLL_Analytics/PLL_Analytics/data/source_data/api_responses/season_2026/game_2026-quarterfinals-2/event_summary.json.gz,/home/runner/work/PLL_Analytics/PLL_Analytics/data/source_data/api_responses/season_2026/game_2026-quarterfinals-2/team_game_stats.json.gz,/home/runner/work/PLL_Analytics/PLL_Analytics/data/source_data/api_responses/season_2026/game_2026-quarterfinals-2/player_game_stats.json.gz,Quarterfinal 2
