season,slug,status_code,valid,year,event_id,event_numeric_id,competition_type,slugname,source,discovery_source,start_time_unix,game_date_guess,game_number_guess,event_status,event_status_num,error,game_number,event_list_event_id,event_list_event_numeric_id,event_list_event_status,event_list_event_status_num,event_list_event_status_label,event_list_game_date_guess,discovery_rank
2022,whipsnakes-chaos-2022-6-04,200,True,2022.0,2022_ev1,123.0,regular,whipsnakes-chaos-2022-6-04,downloaded,event_list_endpoint_validated_summary,1654366500.0,2022-06-04 18:15:00+00:00,,3.0,3.0,,1,2022_ev1,123,3,3.0,final,2022-06-04 18:15:00+00:00,1
2022,redwoods-atlas-2022-6-04,200,True,2022.0,2022_ev2,122.0,regular,redwoods-atlas-2022-6-04,downloaded,event_list_endpoint_validated_summary,1654376400.0,2022-06-04 21:00:00+00:00,,3.0,3.0,,2,2022_ev2,122,3,3.0,final,2022-06-04 21:00:00+00:00,1
2022,waterdogs-cannons-2022-6-05,200,True,2022.0,2022_ev3,121.0,regular,waterdogs-cannons-2022-6-05,downloaded,event_list_endpoint_validated_summary,1654448400.0,2022-06-05 17:00:00+00:00,,3.0,3.0,,3,2022_ev3,121,3,3.0,final,2022-06-05 17:00:00+00:00,1
2022,chrome-archers-2022-6-05,200,True,2022.0,2022_ev4,120.0,regular,chrome-archers-2022-6-05,downloaded,event_list_endpoint_validated_summary,1654458300.0,2022-06-05 19:45:00+00:00,,3.0,3.0,,4,2022_ev4,120,3,3.0,final,2022-06-05 19:45:00+00:00,1
2022,chrome-redwoods-2022-6-10,200,True,2022.0,2022_ev5,119.0,regular,chrome-redwoods-2022-6-10,downloaded,event_list_endpoint_validated_summary,1654898400.0,2022-06-10 22:00:00+00:00,,3.0,3.0,,5,2022_ev5,119,3,3.0,final,2022-06-10 22:00:00+00:00,1
2022,chaos-archers-2022-6-10,200,True,2022.0,2022_ev6,118.0,regular,chaos-archers-2022-6-10,downloaded,event_list_endpoint_validated_summary,1654908300.0,2022-06-11 00:45:00+00:00,,3.0,3.0,,6,2022_ev6,118,3,3.0,final,2022-06-11 00:45:00+00:00,1
2022,atlas-cannons-2022-6-11,200,True,2022.0,2022_ev7,117.0,regular,atlas-cannons-2022-6-11,downloaded,event_list_endpoint_validated_summary,1654984800.0,2022-06-11 22:00:00+00:00,,3.0,3.0,,7,2022_ev7,117,3,3.0,final,2022-06-11 22:00:00+00:00,1
2022,whipsnakes-waterdogs-2022-6-11,200,True,2022.0,2022_ev8,116.0,regular,whipsnakes-waterdogs-2022-6-11,downloaded,event_list_endpoint_validated_summary,1654994700.0,2022-06-12 00:45:00+00:00,,3.0,3.0,,8,2022_ev8,116,3,3.0,final,2022-06-12 00:45:00+00:00,1
2022,waterdogs-chrome-2022-6-17,200,True,2022.0,2022_ev9,115.0,regular,waterdogs-chrome-2022-6-17,downloaded,event_list_endpoint_validated_summary,1655503200.0,2022-06-17 22:00:00+00:00,,3.0,3.0,,9,2022_ev9,115,3,3.0,final,2022-06-17 22:00:00+00:00,1
2022,atlas-whipsnakes-2022-6-17,200,True,2022.0,2022_ev10,114.0,regular,atlas-whipsnakes-2022-6-17,downloaded,event_list_endpoint_validated_summary,1655513100.0,2022-06-18 00:45:00+00:00,,3.0,3.0,,10,2022_ev10,114,3,3.0,final,2022-06-18 00:45:00+00:00,1
2022,archers-cannons-2022-6-18,200,True,2022.0,2022_ev11,113.0,regular,archers-cannons-2022-6-18,downloaded,event_list_endpoint_validated_summary,1655571600.0,2022-06-18 17:00:00+00:00,,3.0,3.0,,11,2022_ev11,113,3,3.0,final,2022-06-18 17:00:00+00:00,1
2022,redwoods-chaos-2022-6-18-1,200,True,2022.0,2022_ev12,112.0,regular,redwoods-chaos-2022-6-18-1,downloaded,event_list_endpoint_validated_summary,1655582400.0,2022-06-18 20:00:00+00:00,,3.0,3.0,,12,2022_ev12,112,3,3.0,final,2022-06-18 20:00:00+00:00,1
2022,redwoods-whipsnakes-2022-6-24,200,True,2022.0,2022_ev13,111.0,regular,redwoods-whipsnakes-2022-6-24,downloaded,event_list_endpoint_validated_summary,1656109800.0,2022-06-24 22:30:00+00:00,,3.0,3.0,,13,2022_ev13,111,3,3.0,final,2022-06-24 22:30:00+00:00,1
2022,chaos-waterdogs-2022-6-24,200,True,2022.0,2022_ev14,110.0,regular,chaos-waterdogs-2022-6-24,downloaded,event_list_endpoint_validated_summary,1656119700.0,2022-06-25 01:15:00+00:00,,3.0,3.0,,14,2022_ev14,110,3,3.0,final,2022-06-25 01:15:00+00:00,1
2022,cannons-chrome-2022-6-25,200,True,2022.0,2022_ev15,109.0,regular,cannons-chrome-2022-6-25,downloaded,event_list_endpoint_validated_summary,1656194400.0,2022-06-25 22:00:00+00:00,,3.0,3.0,,15,2022_ev15,109,3,3.0,final,2022-06-25 22:00:00+00:00,1
2022,archers-atlas-2022-6-25,200,True,2022.0,2022_ev16,108.0,regular,archers-atlas-2022-6-25,downloaded,event_list_endpoint_validated_summary,1656204300.0,2022-06-26 00:45:00+00:00,,3.0,3.0,,16,2022_ev16,108,3,3.0,final,2022-06-26 00:45:00+00:00,1
2022,archers-redwoods-2022-7-1,200,True,2022.0,2022_ev17,107.0,regular,archers-redwoods-2022-7-1,downloaded,event_list_endpoint_validated_summary,1656716400.0,2022-07-01 23:00:00+00:00,,3.0,3.0,,17,2022_ev17,107,3,3.0,final,2022-07-01 23:00:00+00:00,1
2022,atlas-chrome-2022-7-1,200,True,2022.0,2022_ev18,106.0,regular,atlas-chrome-2022-7-1,downloaded,event_list_endpoint_validated_summary,1656726300.0,2022-07-02 01:45:00+00:00,,3.0,3.0,,18,2022_ev18,106,3,3.0,final,2022-07-02 01:45:00+00:00,1
2022,chaos-cannons-2022-7-2,200,True,2022.0,2022_ev19,105.0,regular,chaos-cannons-2022-7-2,downloaded,event_list_endpoint_validated_summary,1656799200.0,2022-07-02 22:00:00+00:00,,3.0,3.0,,19,2022_ev19,105,3,3.0,final,2022-07-02 22:00:00+00:00,1
2022,whipsnakes-waterdogs-2022-7-2,200,True,2022.0,2022_ev20,104.0,regular,whipsnakes-waterdogs-2022-7-2,downloaded,event_list_endpoint_validated_summary,1656809100.0,2022-07-03 00:45:00+00:00,,3.0,3.0,,20,2022_ev20,104,3,3.0,final,2022-07-03 00:45:00+00:00,1
2022,redwoods-atlas-2022-7-23,200,True,2022.0,2022_ev23,149.0,regular,redwoods-atlas-2022-7-23,downloaded,event_list_endpoint_validated_summary,1658610000.0,2022-07-23 21:00:00+00:00,,3.0,3.0,,21,2022_ev23,149,3,3.0,final,2022-07-23 21:00:00+00:00,1
2022,whipsnakes-chaos-2022-7-23,200,True,2022.0,2022_ev24,148.0,regular,whipsnakes-chaos-2022-7-23,downloaded,event_list_endpoint_validated_summary,1658619000.0,2022-07-23 23:30:00+00:00,,3.0,3.0,,22,2022_ev24,148,3,3.0,final,2022-07-23 23:30:00+00:00,1
2022,cannons-archers-2022-7-24,200,True,2022.0,2022_ev25,147.0,regular,cannons-archers-2022-7-24,downloaded,event_list_endpoint_validated_summary,1658685600.0,2022-07-24 18:00:00+00:00,,3.0,3.0,,23,2022_ev25,147,3,3.0,final,2022-07-24 18:00:00+00:00,1
2022,chrome-waterdogs-2022-7-24,200,True,2022.0,2022_ev26,146.0,regular,chrome-waterdogs-2022-7-24,downloaded,event_list_endpoint_validated_summary,1658694600.0,2022-07-24 20:30:00+00:00,,3.0,3.0,,24,2022_ev26,146,3,3.0,final,2022-07-24 20:30:00+00:00,1
2022,archers-atlas-2022-7-30,200,True,2022.0,2022_ev27,145.0,regular,archers-atlas-2022-7-30,downloaded,event_list_endpoint_validated_summary,1659204000.0,2022-07-30 18:00:00+00:00,,3.0,3.0,,25,2022_ev27,145,3,3.0,final,2022-07-30 18:00:00+00:00,1
2022,chrome-whipsnakes-2022-7-30,200,True,2022.0,2022_ev28,144.0,regular,chrome-whipsnakes-2022-7-30,downloaded,event_list_endpoint_validated_summary,1659213000.0,2022-07-30 20:30:00+00:00,,3.0,3.0,,26,2022_ev28,144,3,3.0,final,2022-07-30 20:30:00+00:00,1
2022,waterdogs-cannons-2022-7-31,200,True,2022.0,2022_ev29,143.0,regular,waterdogs-cannons-2022-7-31,downloaded,event_list_endpoint_validated_summary,1659286800.0,2022-07-31 17:00:00+00:00,,3.0,3.0,,27,2022_ev29,143,3,3.0,final,2022-07-31 17:00:00+00:00,1
2022,redwoods-chaos-2022-7-31,200,True,2022.0,2022_ev30,142.0,regular,redwoods-chaos-2022-7-31,downloaded,event_list_endpoint_validated_summary,1659295800.0,2022-07-31 19:30:00+00:00,,3.0,3.0,,28,2022_ev30,142,3,3.0,final,2022-07-31 19:30:00+00:00,1
2022,cannons-redwoods-2022-8-5,200,True,2022.0,2022_ev31,141.0,regular,cannons-redwoods-2022-8-5,downloaded,event_list_endpoint_validated_summary,1659747600.0,2022-08-06 01:00:00+00:00,,3.0,3.0,,29,2022_ev31,141,3,3.0,final,2022-08-06 01:00:00+00:00,1
2022,chaos-chrome-2022-8-6,200,True,2022.0,2022_ev32,140.0,regular,chaos-chrome-2022-8-6,downloaded,event_list_endpoint_validated_summary,1659799800.0,2022-08-06 15:30:00+00:00,,3.0,3.0,,30,2022_ev32,140,3,3.0,final,2022-08-06 15:30:00+00:00,1
2022,waterdogs-atlas-2022-8-6,200,True,2022.0,2022_ev33,139.0,regular,waterdogs-atlas-2022-8-6,downloaded,event_list_endpoint_validated_summary,1659808800.0,2022-08-06 18:00:00+00:00,,3.0,3.0,,31,2022_ev33,139,3,3.0,final,2022-08-06 18:00:00+00:00,1
2022,archers-whipsnakes-2022-8-6,200,True,2022.0,2022_ev34,138.0,regular,archers-whipsnakes-2022-8-6,downloaded,event_list_endpoint_validated_summary,1659818400.0,2022-08-06 20:40:00+00:00,,3.0,3.0,,32,2022_ev34,138,3,3.0,final,2022-08-06 20:40:00+00:00,1
2022,atlas-whipsnakes-2022-8-12,200,True,2022.0,2022_ev35,137.0,regular,atlas-whipsnakes-2022-8-12,downloaded,event_list_endpoint_validated_summary,1660348800.0,2022-08-13 00:00:00+00:00,,3.0,3.0,,33,2022_ev35,137,3,3.0,final,2022-08-13 00:00:00+00:00,1
2022,waterdogs-redwoods-2022-8-12,200,True,2022.0,2022_ev36,136.0,regular,waterdogs-redwoods-2022-8-12,downloaded,event_list_endpoint_validated_summary,1660357800.0,2022-08-13 02:30:00+00:00,,3.0,3.0,,34,2022_ev36,136,3,3.0,final,2022-08-13 02:30:00+00:00,1
2022,chaos-archers-2022-8-13,200,True,2022.0,2022_ev37,135.0,regular,chaos-archers-2022-8-13,downloaded,event_list_endpoint_validated_summary,1660406400.0,2022-08-13 16:00:00+00:00,,3.0,3.0,,35,2022_ev37,135,3,3.0,final,2022-08-13 16:00:00+00:00,1
2022,cannons-chrome-2022-8-13,200,True,2022.0,2022_ev38,134.0,regular,cannons-chrome-2022-8-13,downloaded,event_list_endpoint_validated_summary,1660415400.0,2022-08-13 18:30:00+00:00,,3.0,3.0,,36,2022_ev38,134,3,3.0,final,2022-08-13 18:30:00+00:00,1
2022,chrome-redwoods-2022-8-20,200,True,2022.0,2022_ev39,133.0,regular,chrome-redwoods-2022-8-20,downloaded,event_list_endpoint_validated_summary,1661036400.0,2022-08-20 23:00:00+00:00,,3.0,3.0,,37,2022_ev39,133,3,3.0,final,2022-08-20 23:00:00+00:00,1
2022,archers-waterdogs-2022-8-20,200,True,2022.0,2022_ev40,132.0,regular,archers-waterdogs-2022-8-20,downloaded,event_list_endpoint_validated_summary,1661045400.0,2022-08-21 01:30:00+00:00,,3.0,3.0,,38,2022_ev40,132,3,3.0,final,2022-08-21 01:30:00+00:00,1
2022,whipsnakes-cannons-2022-8-21,200,True,2022.0,2022_ev41,131.0,regular,whipsnakes-cannons-2022-8-21,downloaded,event_list_endpoint_validated_summary,1661108400.0,2022-08-21 19:00:00+00:00,,3.0,3.0,,39,2022_ev41,131,3,3.0,final,2022-08-21 19:00:00+00:00,1
2022,atlas-chaos-2022-8-21,200,True,2022.0,2022_ev42,130.0,regular,atlas-chaos-2022-8-21,downloaded,event_list_endpoint_validated_summary,1661117400.0,2022-08-21 21:30:00+00:00,,3.0,3.0,,40,2022_ev42,130,3,3.0,final,2022-08-21 21:30:00+00:00,1
2022,playoffs-quarterfinal-1-2022-9-3,200,True,2022.0,2022_ev43,129.0,post,playoffs-quarterfinal-1-2022-9-3,downloaded,event_list_endpoint_validated_summary,1662220800.0,2022-09-03 16:00:00+00:00,,3.0,3.0,,41,2022_ev43,129,3,3.0,final,2022-09-03 16:00:00+00:00,1
2022,playoffs-quarterfinal-2-2022-9-3,200,True,2022.0,2022_ev44,128.0,post,playoffs-quarterfinal-2-2022-9-3,downloaded,event_list_endpoint_validated_summary,1662229800.0,2022-09-03 18:30:00+00:00,,3.0,3.0,,42,2022_ev44,128,3,3.0,final,2022-09-03 18:30:00+00:00,1
2022,playoffs-quarterfinal-3-2022-9-3,200,True,2022.0,2022_ev45,127.0,post,playoffs-quarterfinal-3-2022-9-3,downloaded,event_list_endpoint_validated_summary,1662239400.0,2022-09-03 21:10:00+00:00,,3.0,3.0,,43,2022_ev45,127,3,3.0,final,2022-09-03 21:10:00+00:00,1
2022,playoffs-semifinal-2-2022-9-11,200,True,2022.0,2022_ev47,125.0,post,playoffs-semifinal-2-2022-9-11,downloaded,event_list_endpoint_validated_summary,1662915600.0,2022-09-11 17:00:00+00:00,,3.0,3.0,,44,2022_ev47,125,3,3.0,final,2022-09-11 17:00:00+00:00,1
2022,playoffs-semifinal-1-2022-9-11,200,True,2022.0,2022_ev46,126.0,post,playoffs-semifinal-1-2022-9-11,downloaded,event_list_endpoint_validated_summary,1662924600.0,2022-09-11 19:30:00+00:00,,3.0,3.0,,45,2022_ev46,126,3,3.0,final,2022-09-11 19:30:00+00:00,1
2022,championship-2022-9-18,200,True,2022.0,2022_ev48,124.0,post,championship-2022-9-18,downloaded,event_list_endpoint_validated_summary,1663527600.0,2022-09-18 19:00:00+00:00,,3.0,3.0,,46,2022_ev48,124,3,3.0,final,2022-09-18 19:00:00+00:00,1
2023,game-1-2023-06-02,200,True,2023.0,2023_ev1,181.0,regular,game-1-2023-06-02,downloaded,event_list_endpoint_validated_summary,1685811600.0,2023-06-03 17:00:00+00:00,1,3.0,3.0,,1,2023_ev1,181,3,3.0,final,2023-06-03 17:00:00+00:00,1
2023,game-2-2023-06-02,200,True,2023.0,2023_ev2,182.0,regular,game-2-2023-06-02,downloaded,event_list_endpoint_validated_summary,1685820600.0,2023-06-03 19:30:00+00:00,2,3.0,3.0,,2,2023_ev2,182,3,3.0,final,2023-06-03 19:30:00+00:00,1
2023,game-3-2023-06-02,200,True,2023.0,2023_ev3,183.0,regular,game-3-2023-06-02,downloaded,event_list_endpoint_validated_summary,1685898000.0,2023-06-04 17:00:00+00:00,3,3.0,3.0,,3,2023_ev3,183,3,3.0,final,2023-06-04 17:00:00+00:00,1
2023,game-4-2023-06-02,200,True,2023.0,2023_ev4,184.0,regular,game-4-2023-06-02,downloaded,event_list_endpoint_validated_summary,1685907000.0,2023-06-04 19:30:00+00:00,4,3.0,3.0,,4,2023_ev4,184,3,3.0,final,2023-06-04 19:30:00+00:00,1
2023,game-5-2023-06-09,200,True,2023.0,2023_ev5,185.0,regular,game-5-2023-06-09,downloaded,event_list_endpoint_validated_summary,1686348000.0,2023-06-09 22:00:00+00:00,5,3.0,3.0,,5,2023_ev5,185,3,3.0,final,2023-06-09 22:00:00+00:00,1
2023,game-6-2023-06-09,200,True,2023.0,2023_ev6,186.0,regular,game-6-2023-06-09,downloaded,event_list_endpoint_validated_summary,1686357000.0,2023-06-10 00:30:00+00:00,6,3.0,3.0,,6,2023_ev6,186,3,3.0,final,2023-06-10 00:30:00+00:00,1
2023,game-7-2023-06-09,200,True,2023.0,2023_ev7,187.0,regular,game-7-2023-06-09,downloaded,event_list_endpoint_validated_summary,1686423600.0,2023-06-10 19:00:00+00:00,7,3.0,3.0,,7,2023_ev7,187,3,3.0,final,2023-06-10 19:00:00+00:00,1
2023,game-8-2023-06-09,200,True,2023.0,2023_ev8,188.0,regular,game-8-2023-06-09,downloaded,event_list_endpoint_validated_summary,1686432600.0,2023-06-10 21:30:00+00:00,8,3.0,3.0,,8,2023_ev8,188,3,3.0,final,2023-06-10 21:30:00+00:00,1
2023,game-9-2023-06-16,200,True,2023.0,2023_ev9,189.0,regular,game-9-2023-06-16,downloaded,event_list_endpoint_validated_summary,1686952800.0,2023-06-16 22:00:00+00:00,9,3.0,3.0,,9,2023_ev9,189,3,3.0,final,2023-06-16 22:00:00+00:00,1
2023,game-10-2023-06-16,200,True,2023.0,2023_ev10,190.0,regular,game-10-2023-06-16,downloaded,event_list_endpoint_validated_summary,1686961800.0,2023-06-17 00:30:00+00:00,10,3.0,3.0,,10,2023_ev10,190,3,3.0,final,2023-06-17 00:30:00+00:00,1
2023,game-11-2023-06-16,200,True,2023.0,2023_ev11,191.0,regular,game-11-2023-06-16,downloaded,event_list_endpoint_validated_summary,1687017600.0,2023-06-17 16:00:00+00:00,11,3.0,3.0,,11,2023_ev11,191,3,3.0,final,2023-06-17 16:00:00+00:00,1
2023,game-12-2023-06-16,200,True,2023.0,2023_ev12,192.0,regular,game-12-2023-06-16,downloaded,event_list_endpoint_validated_summary,1687042800.0,2023-06-17 23:00:00+00:00,12,3.0,3.0,,12,2023_ev12,192,3,3.0,final,2023-06-17 23:00:00+00:00,1
2023,game-13-2023-07-07,200,True,2023.0,2023_ev13,193.0,regular,game-13-2023-07-07,downloaded,event_list_endpoint_validated_summary,1688853600.0,2023-07-08 22:00:00+00:00,13,3.0,3.0,,13,2023_ev13,193,3,3.0,final,2023-07-08 22:00:00+00:00,1
2023,game-14-2023-07-07,200,True,2023.0,2023_ev14,194.0,regular,game-14-2023-07-07,downloaded,event_list_endpoint_validated_summary,1688862600.0,2023-07-09 00:30:00+00:00,14,3.0,3.0,,14,2023_ev14,194,3,3.0,final,2023-07-09 00:30:00+00:00,1
2023,game-15-2023-07-07,200,True,2023.0,2023_ev15,195.0,regular,game-15-2023-07-07,downloaded,event_list_endpoint_validated_summary,1688925600.0,2023-07-09 18:00:00+00:00,15,3.0,3.0,,15,2023_ev15,195,3,3.0,final,2023-07-09 18:00:00+00:00,1
2023,game-16-2023-07-07,200,True,2023.0,2023_ev16,196.0,regular,game-16-2023-07-07,downloaded,event_list_endpoint_validated_summary,1688934600.0,2023-07-09 20:30:00+00:00,16,3.0,3.0,,16,2023_ev16,196,3,3.0,final,2023-07-09 20:30:00+00:00,1
2023,game-17-2023-07-14,200,True,2023.0,2023_ev17,197.0,regular,game-17-2023-07-14,downloaded,event_list_endpoint_validated_summary,1689372000.0,2023-07-14 22:00:00+00:00,17,2.0,2.0,,17,2023_ev17,197,2,2.0,unknown,2023-07-14 22:00:00+00:00,1
2023,game-18-2023-07-14,200,True,2023.0,2023_ev18,198.0,regular,game-18-2023-07-14,downloaded,event_list_endpoint_validated_summary,1689381000.0,2023-07-15 00:30:00+00:00,18,3.0,3.0,,18,2023_ev18,198,3,3.0,final,2023-07-15 00:30:00+00:00,1
2023,game-19-2023-07-14,200,True,2023.0,2023_ev19,199.0,regular,game-19-2023-07-14,downloaded,event_list_endpoint_validated_summary,1689458400.0,2023-07-15 22:00:00+00:00,19,3.0,3.0,,19,2023_ev19,199,3,3.0,final,2023-07-15 22:00:00+00:00,1
2023,game-20-2023-07-14,200,True,2023.0,2023_ev20,200.0,regular,game-20-2023-07-14,downloaded,event_list_endpoint_validated_summary,1689467400.0,2023-07-16 00:30:00+00:00,20,3.0,3.0,,20,2023_ev20,200,3,3.0,final,2023-07-16 00:30:00+00:00,1
2023,game-23-2023-07-28,200,True,2023.0,2023_ev23,203.0,regular,game-23-2023-07-28,downloaded,event_list_endpoint_validated_summary,1690668000.0,2023-07-29 22:00:00+00:00,23,3.0,3.0,,21,2023_ev23,203,3,3.0,final,2023-07-29 22:00:00+00:00,1
2023,game-24-2023-07-28,200,True,2023.0,2023_ev24,204.0,regular,game-24-2023-07-28,downloaded,event_list_endpoint_validated_summary,1690677000.0,2023-07-30 00:30:00+00:00,24,3.0,3.0,,22,2023_ev24,204,3,3.0,final,2023-07-30 00:30:00+00:00,1
2023,game-25-2023-07-28,200,True,2023.0,2023_ev25,205.0,regular,game-25-2023-07-28,downloaded,event_list_endpoint_validated_summary,1690743600.0,2023-07-30 19:00:00+00:00,25,3.0,3.0,,23,2023_ev25,205,3,3.0,final,2023-07-30 19:00:00+00:00,1
2023,game-26-2023-07-28,200,True,2023.0,2023_ev26,206.0,regular,game-26-2023-07-28,downloaded,event_list_endpoint_validated_summary,1690752600.0,2023-07-30 21:30:00+00:00,26,3.0,3.0,,24,2023_ev26,206,3,3.0,final,2023-07-30 21:30:00+00:00,1
2023,game-27-2023-08-04,200,True,2023.0,2023_ev27,207.0,regular,game-27-2023-08-04,downloaded,event_list_endpoint_validated_summary,1691262000.0,2023-08-05 19:00:00+00:00,27,3.0,3.0,,25,2023_ev27,207,3,3.0,final,2023-08-05 19:00:00+00:00,1
2023,game-28-2023-08-04,200,True,2023.0,2023_ev28,208.0,regular,game-28-2023-08-04,downloaded,event_list_endpoint_validated_summary,1691271000.0,2023-08-05 21:30:00+00:00,28,3.0,3.0,,26,2023_ev28,208,3,3.0,final,2023-08-05 21:30:00+00:00,1
2023,game-29-2023-08-04,200,True,2023.0,2023_ev29,209.0,regular,game-29-2023-08-04,downloaded,event_list_endpoint_validated_summary,1691341200.0,2023-08-06 17:00:00+00:00,29,3.0,3.0,,27,2023_ev29,209,3,3.0,final,2023-08-06 17:00:00+00:00,1
2023,game-30-2023-08-04,200,True,2023.0,2023_ev30,210.0,regular,game-30-2023-08-04,downloaded,event_list_endpoint_validated_summary,1691350200.0,2023-08-06 19:30:00+00:00,30,3.0,3.0,,28,2023_ev30,210,3,3.0,final,2023-08-06 19:30:00+00:00,1
2023,game-31-2023-08-11,200,True,2023.0,2023_ev31,211.0,regular,game-31-2023-08-11,downloaded,event_list_endpoint_validated_summary,1691800200.0,2023-08-12 00:30:00+00:00,31,3.0,3.0,,29,2023_ev31,211,3,3.0,final,2023-08-12 00:30:00+00:00,1
2023,game-32-2023-08-11,200,True,2023.0,2023_ev32,212.0,regular,game-32-2023-08-11,downloaded,event_list_endpoint_validated_summary,1691807400.0,2023-08-12 02:30:00+00:00,32,3.0,3.0,,30,2023_ev32,212,3,3.0,final,2023-08-12 02:30:00+00:00,1
2023,game-33-2023-08-11,200,True,2023.0,2023_ev33,213.0,regular,game-33-2023-08-11,downloaded,event_list_endpoint_validated_summary,1691881200.0,2023-08-12 23:00:00+00:00,33,3.0,3.0,,31,2023_ev33,213,3,3.0,final,2023-08-12 23:00:00+00:00,1
2023,game-34-2023-08-11,200,True,2023.0,2023_ev34,214.0,regular,game-34-2023-08-11,downloaded,event_list_endpoint_validated_summary,1691890200.0,2023-08-13 01:30:00+00:00,34,3.0,3.0,,32,2023_ev34,214,3,3.0,final,2023-08-13 01:30:00+00:00,1
2023,game-35-2023-08-18,200,True,2023.0,2023_ev35,215.0,regular,game-35-2023-08-18,downloaded,event_list_endpoint_validated_summary,1692406800.0,2023-08-19 01:00:00+00:00,35,3.0,3.0,,33,2023_ev35,215,3,3.0,final,2023-08-19 01:00:00+00:00,1
2023,game-36-2023-08-18,200,True,2023.0,2023_ev36,216.0,regular,game-36-2023-08-18,downloaded,event_list_endpoint_validated_summary,1692415800.0,2023-08-19 03:30:00+00:00,36,3.0,3.0,,34,2023_ev36,216,3,3.0,final,2023-08-19 03:30:00+00:00,1
2023,game-37-2023-08-18,200,True,2023.0,2023_ev37,217.0,regular,game-37-2023-08-18,downloaded,event_list_endpoint_validated_summary,1692489600.0,2023-08-20 00:00:00+00:00,37,3.0,3.0,,35,2023_ev37,217,3,3.0,final,2023-08-20 00:00:00+00:00,1
2023,game-38-2023-08-18,200,True,2023.0,2023_ev38,218.0,regular,game-38-2023-08-18,downloaded,event_list_endpoint_validated_summary,1692498600.0,2023-08-20 02:30:00+00:00,38,3.0,3.0,,36,2023_ev38,218,3,3.0,final,2023-08-20 02:30:00+00:00,1
2023,game-39-2023-08-25,200,True,2023.0,2023_ev39,219.0,regular,game-39-2023-08-25,downloaded,event_list_endpoint_validated_summary,1693008000.0,2023-08-26 00:00:00+00:00,39,3.0,3.0,,37,2023_ev39,219,3,3.0,final,2023-08-26 00:00:00+00:00,1
2023,game-40-2023-08-25,200,True,2023.0,2023_ev40,220.0,regular,game-40-2023-08-25,downloaded,event_list_endpoint_validated_summary,1693017000.0,2023-08-26 02:30:00+00:00,40,3.0,3.0,,38,2023_ev40,220,3,3.0,final,2023-08-26 02:30:00+00:00,1
2023,game-41-2023-08-25,200,True,2023.0,2023_ev41,221.0,regular,game-41-2023-08-25,downloaded,event_list_endpoint_validated_summary,1693090800.0,2023-08-26 23:00:00+00:00,41,3.0,3.0,,39,2023_ev41,221,3,3.0,final,2023-08-26 23:00:00+00:00,1
2023,game-42-2023-08-25,200,True,2023.0,2023_ev42,222.0,regular,game-42-2023-08-25,downloaded,event_list_endpoint_validated_summary,1693099800.0,2023-08-27 01:30:00+00:00,42,2.0,2.0,,40,2023_ev42,222,2,2.0,unknown,2023-08-27 01:30:00+00:00,1
2023,playoffs-quarterfinal-3-2023-9-1,200,True,2023.0,2023_ev45,225.0,post,playoffs-quarterfinal-3-2023-9-1,downloaded,event_list_endpoint_validated_summary,1693842300.0,2023-09-04 15:45:00+00:00,,3.0,3.0,,41,2023_ev45,225,3,3.0,final,2023-09-04 15:45:00+00:00,1
2023,playoffs-quarterfinal-2-2023-9-1,200,True,2023.0,2023_ev44,224.0,post,playoffs-quarterfinal-2-2023-9-1,downloaded,event_list_endpoint_validated_summary,1693851600.0,2023-09-04 18:20:00+00:00,,2.0,2.0,,42,2023_ev44,224,2,2.0,unknown,2023-09-04 18:20:00+00:00,1
2023,playoffs-quarterfinal-1-2023-9-1,200,True,2023.0,2023_ev43,223.0,post,playoffs-quarterfinal-1-2023-9-1,downloaded,event_list_endpoint_validated_summary,1693861200.0,2023-09-04 21:00:00+00:00,,3.0,3.0,,43,2023_ev43,223,3,3.0,final,2023-09-04 21:00:00+00:00,1
2023,playoffs-semifinal-2-2023-9-8,200,True,2023.0,2023_ev47,227.0,post,playoffs-semifinal-2-2023-9-8,downloaded,event_list_endpoint_validated_summary,1694372400.0,2023-09-10 19:00:00+00:00,,3.0,3.0,,44,2023_ev47,227,3,3.0,final,2023-09-10 19:00:00+00:00,1
2023,playoffs-semifinal-1-2023-9-8,200,True,2023.0,2023_ev46,226.0,post,playoffs-semifinal-1-2023-9-8,downloaded,event_list_endpoint_validated_summary,1694381400.0,2023-09-10 21:30:00+00:00,,3.0,3.0,,45,2023_ev46,226,3,3.0,final,2023-09-10 21:30:00+00:00,1
2023,championship-2023-9-22,200,True,2023.0,2023_ev48,228.0,post,championship-2023-9-22,downloaded,event_list_endpoint_validated_summary,1695582000.0,2023-09-24 19:00:00+00:00,,2.0,2.0,,46,2023_ev48,228,2,2.0,unknown,2023-09-24 19:00:00+00:00,1
2024,2024_game_1,200,True,2024.0,2024_ev1,243.0,regular,2024_game_1,downloaded,event_list_endpoint_validated_summary,1717261200.0,2024-06-01 17:00:00+00:00,1,3.0,3.0,,1,2024_ev1,243,3,3.0,final,2024-06-01 17:00:00+00:00,1
2024,2024_game_2,200,True,2024.0,2024_ev2,244.0,regular,2024_game_2,downloaded,event_list_endpoint_validated_summary,1717270200.0,2024-06-01 19:30:00+00:00,2,3.0,3.0,,2,2024_ev2,244,3,3.0,final,2024-06-01 19:30:00+00:00,1
2024,2024_game_3,200,True,2024.0,2024_ev3,245.0,regular,2024_game_3,downloaded,event_list_endpoint_validated_summary,1717347600.0,2024-06-02 17:00:00+00:00,3,3.0,3.0,,3,2024_ev3,245,3,3.0,final,2024-06-02 17:00:00+00:00,1
2024,2024_game_4,200,True,2024.0,2024_ev4,246.0,regular,2024_game_4,downloaded,event_list_endpoint_validated_summary,1717356600.0,2024-06-02 19:30:00+00:00,4,3.0,3.0,,4,2024_ev4,246,3,3.0,final,2024-06-02 19:30:00+00:00,1
2024,2024_game_5,200,True,2024.0,2024_ev5,247.0,regular,2024_game_5,downloaded,event_list_endpoint_validated_summary,1717797600.0,2024-06-07 22:00:00+00:00,5,3.0,3.0,,5,2024_ev5,247,3,3.0,final,2024-06-07 22:00:00+00:00,1
2024,2024_game_6,200,True,2024.0,2024_ev6,248.0,regular,2024_game_6,downloaded,event_list_endpoint_validated_summary,1717806600.0,2024-06-08 00:30:00+00:00,6,3.0,3.0,,6,2024_ev6,248,3,3.0,final,2024-06-08 00:30:00+00:00,1
2024,2024_game_8,200,True,2024.0,2024_ev8,250.0,regular,2024_game_8,downloaded,event_list_endpoint_validated_summary,1717880400.0,2024-06-08 21:00:00+00:00,8,3.0,3.0,,7,2024_ev8,250,3,3.0,final,2024-06-08 21:00:00+00:00,1
2024,2024_game_7,200,True,2024.0,2024_ev7,249.0,regular,2024_game_7,downloaded,event_list_endpoint_validated_summary,1717889400.0,2024-06-08 23:30:00+00:00,7,3.0,3.0,,8,2024_ev7,249,3,3.0,final,2024-06-08 23:30:00+00:00,1
2024,2024_game_9,200,True,2024.0,2024_ev9,251.0,regular,2024_game_9,downloaded,event_list_endpoint_validated_summary,1718469000.0,2024-06-15 16:30:00+00:00,9,3.0,3.0,,9,2024_ev9,251,3,3.0,final,2024-06-15 16:30:00+00:00,1
2024,2024_game_10,200,True,2024.0,2024_ev10,252.0,regular,2024_game_10,downloaded,event_list_endpoint_validated_summary,1718492400.0,2024-06-15 23:00:00+00:00,10,3.0,3.0,,10,2024_ev10,252,3,3.0,final,2024-06-15 23:00:00+00:00,1
2024,2024_game_11,200,True,2024.0,2024_ev11,253.0,regular,2024_game_11,downloaded,event_list_endpoint_validated_summary,1718555400.0,2024-06-16 16:30:00+00:00,11,3.0,3.0,,11,2024_ev11,253,3,3.0,final,2024-06-16 16:30:00+00:00,1
2024,2024_game_12,200,True,2024.0,2024_ev12,254.0,regular,2024_game_12,downloaded,event_list_endpoint_validated_summary,1718564400.0,2024-06-16 19:00:00+00:00,12,3.0,3.0,,12,2024_ev12,254,3,3.0,final,2024-06-16 19:00:00+00:00,1
2024,2024_game_13,200,True,2024.0,2024_ev13,255.0,regular,2024_game_13,downloaded,event_list_endpoint_validated_summary,1719615600.0,2024-06-28 23:00:00+00:00,13,3.0,3.0,,13,2024_ev13,255,3,3.0,final,2024-06-28 23:00:00+00:00,1
2024,2024_game_14,200,True,2024.0,2024_ev14,256.0,regular,2024_game_14,downloaded,event_list_endpoint_validated_summary,1719624600.0,2024-06-29 01:30:00+00:00,14,3.0,3.0,,14,2024_ev14,256,3,3.0,final,2024-06-29 01:30:00+00:00,1
2024,2024_game_15,200,True,2024.0,2024_ev15,257.0,regular,2024_game_15,downloaded,event_list_endpoint_validated_summary,1719698400.0,2024-06-29 22:00:00+00:00,15,3.0,3.0,,15,2024_ev15,257,3,3.0,final,2024-06-29 22:00:00+00:00,1
2024,2024_game_16,200,True,2024.0,2024_ev16,258.0,regular,2024_game_16,downloaded,event_list_endpoint_validated_summary,1719707400.0,2024-06-30 00:30:00+00:00,16,3.0,3.0,,16,2024_ev16,258,3,3.0,final,2024-06-30 00:30:00+00:00,1
2024,2024_game_17,200,True,2024.0,2024_ev17,259.0,regular,2024_game_17,downloaded,event_list_endpoint_validated_summary,1720216800.0,2024-07-05 22:00:00+00:00,17,3.0,3.0,,17,2024_ev17,259,3,3.0,final,2024-07-05 22:00:00+00:00,1
2024,2024_game_18,200,True,2024.0,2024_ev18,260.0,regular,2024_game_18,downloaded,event_list_endpoint_validated_summary,1720225800.0,2024-07-06 00:30:00+00:00,18,3.0,3.0,,18,2024_ev18,260,3,3.0,final,2024-07-06 00:30:00+00:00,1
2024,2024_game_19,200,True,2024.0,2024_ev19,261.0,regular,2024_game_19,downloaded,event_list_endpoint_validated_summary,1720297800.0,2024-07-06 20:30:00+00:00,19,3.0,3.0,,19,2024_ev19,261,3,3.0,final,2024-07-06 20:30:00+00:00,1
2024,2024_game_20,200,True,2024.0,2024_ev20,262.0,regular,2024_game_20,downloaded,event_list_endpoint_validated_summary,1720306800.0,2024-07-06 23:00:00+00:00,20,3.0,3.0,,20,2024_ev20,262,3,3.0,final,2024-07-06 23:00:00+00:00,1
2024,2024_game_22,200,True,2024.0,2024_ev22,264.0,regular,2024_game_22,downloaded,event_list_endpoint_validated_summary,1721426400.0,2024-07-19 22:00:00+00:00,22,3.0,3.0,,21,2024_ev22,264,3,3.0,final,2024-07-19 22:00:00+00:00,1
2024,2024_game_23,200,True,2024.0,2024_ev23,265.0,regular,2024_game_23,downloaded,event_list_endpoint_validated_summary,1721435400.0,2024-07-20 00:30:00+00:00,23,3.0,3.0,,22,2024_ev23,265,3,3.0,final,2024-07-20 00:30:00+00:00,1
2024,2024_game_24,200,True,2024.0,2024_ev24,266.0,regular,2024_game_24,downloaded,event_list_endpoint_validated_summary,1721502000.0,2024-07-20 19:00:00+00:00,24,3.0,3.0,,23,2024_ev24,266,3,3.0,final,2024-07-20 19:00:00+00:00,1
2024,2024_game_25,200,True,2024.0,2024_ev25,267.0,regular,2024_game_25,downloaded,event_list_endpoint_validated_summary,1721511000.0,2024-07-20 21:30:00+00:00,25,3.0,3.0,,24,2024_ev25,267,3,3.0,final,2024-07-20 21:30:00+00:00,1
2024,2024_game_27,200,True,2024.0,2024_ev27,269.0,regular,2024_game_27,downloaded,event_list_endpoint_validated_summary,1722106800.0,2024-07-27 19:00:00+00:00,27,3.0,3.0,,25,2024_ev27,269,3,3.0,final,2024-07-27 19:00:00+00:00,1
2024,2024_game_26,200,True,2024.0,2024_ev26,268.0,regular,2024_game_26,downloaded,event_list_endpoint_validated_summary,1722115800.0,2024-07-27 21:30:00+00:00,26,3.0,3.0,,26,2024_ev26,268,3,3.0,final,2024-07-27 21:30:00+00:00,1
2024,2024_game_28,200,True,2024.0,2024_ev28,270.0,regular,2024_game_28,downloaded,event_list_endpoint_validated_summary,1722193200.0,2024-07-28 19:00:00+00:00,28,3.0,3.0,,27,2024_ev28,270,3,3.0,final,2024-07-28 19:00:00+00:00,1
2024,2024_game_29,200,True,2024.0,2024_ev29,271.0,regular,2024_game_29,downloaded,event_list_endpoint_validated_summary,1722202200.0,2024-07-28 21:30:00+00:00,29,3.0,3.0,,28,2024_ev29,271,3,3.0,final,2024-07-28 21:30:00+00:00,1
2024,2024_game_30,200,True,2024.0,2024_ev30,272.0,regular,2024_game_30,downloaded,event_list_endpoint_validated_summary,1722704400.0,2024-08-03 17:00:00+00:00,30,3.0,3.0,,29,2024_ev30,272,3,3.0,final,2024-08-03 17:00:00+00:00,1
2024,2024_game_31,200,True,2024.0,2024_ev31,273.0,regular,2024_game_31,downloaded,event_list_endpoint_validated_summary,1722713400.0,2024-08-03 19:30:00+00:00,31,3.0,3.0,,30,2024_ev31,273,3,3.0,final,2024-08-03 19:30:00+00:00,1
2024,2024_game_32,200,True,2024.0,2024_ev32,274.0,regular,2024_game_32,downloaded,event_list_endpoint_validated_summary,1722789000.0,2024-08-04 16:30:00+00:00,32,3.0,3.0,,31,2024_ev32,274,3,3.0,final,2024-08-04 16:30:00+00:00,1
2024,2024_game_33,200,True,2024.0,2024_ev33,275.0,regular,2024_game_33,downloaded,event_list_endpoint_validated_summary,1722798000.0,2024-08-04 19:00:00+00:00,33,3.0,3.0,,32,2024_ev33,275,3,3.0,final,2024-08-04 19:00:00+00:00,1
2024,2024_game_34,200,True,2024.0,2024_ev34,276.0,regular,2024_game_34,downloaded,event_list_endpoint_validated_summary,1723248000.0,2024-08-10 00:00:00+00:00,34,3.0,3.0,,33,2024_ev34,276,3,3.0,final,2024-08-10 00:00:00+00:00,1
2024,2024_game_35,200,True,2024.0,2024_ev35,277.0,regular,2024_game_35,downloaded,event_list_endpoint_validated_summary,1723257000.0,2024-08-10 02:30:00+00:00,35,3.0,3.0,,34,2024_ev35,277,3,3.0,final,2024-08-10 02:30:00+00:00,1
2024,2024_game_36,200,True,2024.0,2024_ev36,278.0,regular,2024_game_36,downloaded,event_list_endpoint_validated_summary,1723314600.0,2024-08-10 18:30:00+00:00,36,3.0,3.0,,35,2024_ev36,278,3,3.0,final,2024-08-10 18:30:00+00:00,1
2024,2024_game_37,200,True,2024.0,2024_ev37,279.0,regular,2024_game_37,downloaded,event_list_endpoint_validated_summary,1723330800.0,2024-08-10 23:00:00+00:00,37,3.0,3.0,,36,2024_ev37,279,3,3.0,final,2024-08-10 23:00:00+00:00,1
2024,2024_game_38,200,True,2024.0,2024_ev38,280.0,regular,2024_game_38,downloaded,event_list_endpoint_validated_summary,1723852800.0,2024-08-17 00:00:00+00:00,38,3.0,3.0,,37,2024_ev38,280,3,3.0,final,2024-08-17 00:00:00+00:00,1
2024,2024_game_39,200,True,2024.0,2024_ev39,281.0,regular,2024_game_39,downloaded,event_list_endpoint_validated_summary,1723861800.0,2024-08-17 02:30:00+00:00,39,3.0,3.0,,38,2024_ev39,281,3,3.0,final,2024-08-17 02:30:00+00:00,1
2024,2024_game_40,200,True,2024.0,2024_ev40,282.0,regular,2024_game_40,downloaded,event_list_endpoint_validated_summary,1723933800.0,2024-08-17 22:30:00+00:00,40,3.0,3.0,,39,2024_ev40,282,3,3.0,final,2024-08-17 22:30:00+00:00,1
2024,2024_game_41,200,True,2024.0,2024_ev41,283.0,regular,2024_game_41,downloaded,event_list_endpoint_validated_summary,1723942800.0,2024-08-18 01:00:00+00:00,41,3.0,3.0,,40,2024_ev41,283,3,3.0,final,2024-08-18 01:00:00+00:00,1
2024,playoffs-quarterfinal-1-2024-9-2,200,True,2024.0,2024_ev42,285.0,post,playoffs-quarterfinal-1-2024-9-2,downloaded,event_list_endpoint_validated_summary,1725307200.0,2024-09-02 20:00:00+00:00,,3.0,3.0,,41,2024_ev42,285,3,3.0,final,2024-09-02 20:00:00+00:00,1
2024,playoffs-quarterfinal-2-2024-9-2,200,True,2024.0,2024_ev43,286.0,post,playoffs-quarterfinal-2-2024-9-2,downloaded,event_list_endpoint_validated_summary,1725316200.0,2024-09-02 22:30:00+00:00,,3.0,3.0,,42,2024_ev43,286,3,3.0,final,2024-09-02 22:30:00+00:00,1
2024,playoffs-semifinal-1-2024-9-8,200,True,2024.0,2024_ev44,294.0,post,playoffs-semifinal-1-2024-9-8,downloaded,event_list_endpoint_validated_summary,1725742800.0,2024-09-07 21:00:00+00:00,,3.0,3.0,,43,2024_ev44,294,3,3.0,final,2024-09-07 21:00:00+00:00,1
2024,playoffs-semifinal-2-2024-9-8,200,True,2024.0,2024_ev45,295.0,post,playoffs-semifinal-2-2024-9-8,downloaded,event_list_endpoint_validated_summary,1725751800.0,2024-09-07 23:30:00+00:00,,3.0,3.0,,44,2024_ev45,295,3,3.0,final,2024-09-07 23:30:00+00:00,1
2024,championship-2024-9-15,200,True,2024.0,2024_ev46,289.0,post,championship-2024-9-15,downloaded,event_list_endpoint_validated_summary,1726426800.0,2024-09-15 19:00:00+00:00,,3.0,3.0,,45,2024_ev46,289,3,3.0,final,2024-09-15 19:00:00+00:00,1
2025,2025_game_1,200,True,2025.0,2025_ev_1,333.0,regular,2025_game_1,downloaded,event_list_endpoint_validated_summary,1748642400.0,2025-05-30 22:00:00+00:00,1,3.0,3.0,,1,2025_ev_1,333,3,3.0,final,2025-05-30 22:00:00+00:00,1
2025,2025_game_2,200,True,2025.0,2025_ev_2,334.0,regular,2025_game_2,downloaded,event_list_endpoint_validated_summary,1748651400.0,2025-05-31 00:30:00+00:00,2,3.0,3.0,,2,2025_ev_2,334,3,3.0,final,2025-05-31 00:30:00+00:00,1
2025,2025_game_3,200,True,2025.0,2025_ev_3,335.0,regular,2025_game_3,downloaded,event_list_endpoint_validated_summary,1748710800.0,2025-05-31 17:00:00+00:00,3,3.0,3.0,,3,2025_ev_3,335,3,3.0,final,2025-05-31 17:00:00+00:00,1
2025,2025_game_4,200,True,2025.0,2025_ev_4,336.0,regular,2025_game_4,downloaded,event_list_endpoint_validated_summary,1748732400.0,2025-05-31 23:00:00+00:00,4,3.0,3.0,,4,2025_ev_4,336,3,3.0,final,2025-05-31 23:00:00+00:00,1
2025,2025_game_5,200,True,2025.0,2025_ev_5,337.0,regular,2025_game_5,downloaded,event_list_endpoint_validated_summary,1749247200.0,2025-06-06 22:00:00+00:00,5,3.0,3.0,,5,2025_ev_5,337,3,3.0,final,2025-06-06 22:00:00+00:00,1
2025,2025_game_6,200,True,2025.0,2025_ev_6,338.0,regular,2025_game_6,downloaded,event_list_endpoint_validated_summary,1749256200.0,2025-06-07 00:30:00+00:00,6,3.0,3.0,,6,2025_ev_6,338,3,3.0,final,2025-06-07 00:30:00+00:00,1
2025,2025_game_7,200,True,2025.0,2025_ev_7,339.0,regular,2025_game_7,downloaded,event_list_endpoint_validated_summary,1749315600.0,2025-06-07 17:00:00+00:00,7,3.0,3.0,,7,2025_ev_7,339,3,3.0,final,2025-06-07 17:00:00+00:00,1
2025,2025_game_8,200,True,2025.0,2025_ev_8,340.0,regular,2025_game_8,downloaded,event_list_endpoint_validated_summary,1749337200.0,2025-06-07 23:00:00+00:00,8,3.0,3.0,,8,2025_ev_8,340,3,3.0,final,2025-06-07 23:00:00+00:00,1
2025,2025_game_9,200,True,2025.0,2025_ev_9,341.0,regular,2025_game_9,downloaded,event_list_endpoint_validated_summary,1749852000.0,2025-06-13 22:00:00+00:00,9,3.0,3.0,,9,2025_ev_9,341,3,3.0,final,2025-06-13 22:00:00+00:00,1
2025,2025_game_10,200,True,2025.0,2025_ev_10,342.0,regular,2025_game_10,downloaded,event_list_endpoint_validated_summary,1749861000.0,2025-06-14 00:30:00+00:00,10,3.0,3.0,,10,2025_ev_10,342,3,3.0,final,2025-06-14 00:30:00+00:00,1
2025,2025_game_11,200,True,2025.0,2025_ev_11,343.0,regular,2025_game_11,downloaded,event_list_endpoint_validated_summary,1749920400.0,2025-06-14 17:00:00+00:00,11,3.0,3.0,,11,2025_ev_11,343,3,3.0,final,2025-06-14 17:00:00+00:00,1
2025,2025_game_12,200,True,2025.0,2025_ev_12,344.0,regular,2025_game_12,downloaded,event_list_endpoint_validated_summary,1749942000.0,2025-06-14 23:00:00+00:00,12,3.0,3.0,,12,2025_ev_12,344,3,3.0,final,2025-06-14 23:00:00+00:00,1
2025,2025_game_13,200,True,2025.0,2025_ev_13,345.0,regular,2025_game_13,downloaded,event_list_endpoint_validated_summary,1750536000.0,2025-06-21 20:00:00+00:00,13,3.0,3.0,,13,2025_ev_13,345,3,3.0,final,2025-06-21 20:00:00+00:00,1
2025,2025_game_14,200,True,2025.0,2025_ev_14,346.0,regular,2025_game_14,downloaded,event_list_endpoint_validated_summary,1750546800.0,2025-06-21 23:00:00+00:00,14,3.0,3.0,,14,2025_ev_14,346,3,3.0,final,2025-06-21 23:00:00+00:00,1
2025,2025_game_15,200,True,2025.0,2025_ev_15,347.0,regular,2025_game_15,downloaded,event_list_endpoint_validated_summary,1750608000.0,2025-06-22 16:00:00+00:00,15,3.0,3.0,,15,2025_ev_15,347,3,3.0,final,2025-06-22 16:00:00+00:00,1
2025,2025_game_16,200,True,2025.0,2025_ev_16,348.0,regular,2025_game_16,downloaded,event_list_endpoint_validated_summary,1750617000.0,2025-06-22 18:30:00+00:00,16,3.0,3.0,,16,2025_ev_16,348,3,3.0,final,2025-06-22 18:30:00+00:00,1
2025,2025_game_17,200,True,2025.0,2025_ev_17,349.0,regular,2025_game_17,downloaded,event_list_endpoint_validated_summary,1751072400.0,2025-06-28 01:00:00+00:00,17,3.0,3.0,,17,2025_ev_17,349,3,3.0,final,2025-06-28 01:00:00+00:00,1
2025,2025_game_18,200,True,2025.0,2025_ev_18,350.0,regular,2025_game_18,downloaded,event_list_endpoint_validated_summary,1751081400.0,2025-06-28 03:30:00+00:00,18,3.0,3.0,,18,2025_ev_18,350,3,3.0,final,2025-06-28 03:30:00+00:00,1
2025,2025_game_19,200,True,2025.0,2025_ev_19,351.0,regular,2025_game_19,downloaded,event_list_endpoint_validated_summary,1751148000.0,2025-06-28 22:00:00+00:00,19,3.0,3.0,,19,2025_ev_19,351,3,3.0,final,2025-06-28 22:00:00+00:00,1
2025,2025_game_20,200,True,2025.0,2025_ev_20,352.0,regular,2025_game_20,downloaded,event_list_endpoint_validated_summary,1751157000.0,2025-06-29 00:30:00+00:00,20,3.0,3.0,,20,2025_ev_20,352,3,3.0,final,2025-06-29 00:30:00+00:00,1
2025,2025_game_23,200,True,2025.0,2025_ev_23,355.0,regular,2025_game_23,downloaded,event_list_endpoint_validated_summary,1752274800.0,2025-07-11 23:00:00+00:00,23,3.0,3.0,,21,2025_ev_23,355,3,3.0,final,2025-07-11 23:00:00+00:00,1
2025,2025_game_24,200,True,2025.0,2025_ev_24,356.0,regular,2025_game_24,downloaded,event_list_endpoint_validated_summary,1752283800.0,2025-07-12 01:30:00+00:00,24,3.0,3.0,,22,2025_ev_24,356,3,3.0,final,2025-07-12 01:30:00+00:00,1
2025,2025_game_25,200,True,2025.0,2025_ev_25,357.0,regular,2025_game_25,downloaded,event_list_endpoint_validated_summary,1752361200.0,2025-07-12 23:00:00+00:00,25,3.0,3.0,,23,2025_ev_25,357,3,3.0,final,2025-07-12 23:00:00+00:00,1
2025,2025_game_26,200,True,2025.0,2025_ev_26,358.0,regular,2025_game_26,downloaded,event_list_endpoint_validated_summary,1752370200.0,2025-07-13 01:30:00+00:00,26,3.0,3.0,,24,2025_ev_26,358,3,3.0,final,2025-07-13 01:30:00+00:00,1
2025,2025_game_27,200,True,2025.0,2025_ev_27,359.0,regular,2025_game_27,downloaded,event_list_endpoint_validated_summary,1752877800.0,2025-07-18 22:30:00+00:00,27,3.0,3.0,,25,2025_ev_27,359,3,3.0,final,2025-07-18 22:30:00+00:00,1
2025,2025_game_28,200,True,2025.0,2025_ev_28,360.0,regular,2025_game_28,downloaded,event_list_endpoint_validated_summary,1752886800.0,2025-07-19 01:00:00+00:00,28,3.0,3.0,,26,2025_ev_28,360,3,3.0,final,2025-07-19 01:00:00+00:00,1
2025,2025_game_29,200,True,2025.0,2025_ev_29,361.0,regular,2025_game_29,downloaded,event_list_endpoint_validated_summary,1752951600.0,2025-07-19 19:00:00+00:00,29,3.0,3.0,,27,2025_ev_29,361,3,3.0,final,2025-07-19 19:00:00+00:00,1
2025,2025_game_30,200,True,2025.0,2025_ev_30,362.0,regular,2025_game_30,downloaded,event_list_endpoint_validated_summary,1752969600.0,2025-07-20 00:00:00+00:00,30,3.0,3.0,,28,2025_ev_30,362,3,3.0,final,2025-07-20 00:00:00+00:00,1
2025,2025_game_31,200,True,2025.0,2025_ev_31,363.0,regular,2025_game_31,downloaded,event_list_endpoint_validated_summary,1753488000.0,2025-07-26 00:00:00+00:00,31,3.0,3.0,,29,2025_ev_31,363,3,3.0,final,2025-07-26 00:00:00+00:00,1
2025,2025_game_32,200,True,2025.0,2025_ev_32,364.0,regular,2025_game_32,downloaded,event_list_endpoint_validated_summary,1753497000.0,2025-07-26 02:30:00+00:00,32,3.0,3.0,,30,2025_ev_32,364,3,3.0,final,2025-07-26 02:30:00+00:00,1
2025,2025_game_33,200,True,2025.0,2025_ev_33,365.0,regular,2025_game_33,downloaded,event_list_endpoint_validated_summary,1753569000.0,2025-07-26 22:30:00+00:00,33,3.0,3.0,,31,2025_ev_33,365,3,3.0,final,2025-07-26 22:30:00+00:00,1
2025,2025_game_34,200,True,2025.0,2025_ev_34,366.0,regular,2025_game_34,downloaded,event_list_endpoint_validated_summary,1753578000.0,2025-07-27 01:00:00+00:00,34,3.0,3.0,,32,2025_ev_34,366,3,3.0,final,2025-07-27 01:00:00+00:00,1
2025,2025_game_35,200,True,2025.0,2025_ev_35,367.0,regular,2025_game_35,downloaded,event_list_endpoint_validated_summary,1754092800.0,2025-08-02 00:00:00+00:00,35,3.0,3.0,,33,2025_ev_35,367,3,3.0,final,2025-08-02 00:00:00+00:00,1
2025,2025_game_36,200,True,2025.0,2025_ev_36,368.0,regular,2025_game_36,downloaded,event_list_endpoint_validated_summary,1754101800.0,2025-08-02 02:30:00+00:00,36,3.0,3.0,,34,2025_ev_36,368,3,3.0,final,2025-08-02 02:30:00+00:00,1
2025,2025_game_38,200,True,2025.0,2025_ev_38,370.0,regular,2025_game_38,downloaded,event_list_endpoint_validated_summary,1754154000.0,2025-08-02 17:00:00+00:00,38,3.0,3.0,,35,2025_ev_38,370,3,3.0,final,2025-08-02 17:00:00+00:00,1
2025,2025_game_37,200,True,2025.0,2025_ev_37,369.0,regular,2025_game_37,downloaded,event_list_endpoint_validated_summary,1754179200.0,2025-08-03 00:00:00+00:00,37,3.0,3.0,,36,2025_ev_37,369,3,3.0,final,2025-08-03 00:00:00+00:00,1
2025,2025_game_39,200,True,2025.0,2025_ev_39,371.0,regular,2025_game_39,downloaded,event_list_endpoint_validated_summary,1754692200.0,2025-08-08 22:30:00+00:00,39,3.0,3.0,,37,2025_ev_39,371,3,3.0,final,2025-08-08 22:30:00+00:00,1
2025,2025_game_40,200,True,2025.0,2025_ev_40,372.0,regular,2025_game_40,downloaded,event_list_endpoint_validated_summary,1754701200.0,2025-08-09 01:00:00+00:00,40,3.0,3.0,,38,2025_ev_40,372,3,3.0,final,2025-08-09 01:00:00+00:00,1
2025,2025_game_41,200,True,2025.0,2025_ev_41,373.0,regular,2025_game_41,downloaded,event_list_endpoint_validated_summary,1754758800.0,2025-08-09 17:00:00+00:00,41,3.0,3.0,,39,2025_ev_41,373,3,3.0,final,2025-08-09 17:00:00+00:00,1
2025,2025_game_42,200,True,2025.0,2025_ev_42,374.0,regular,2025_game_42,downloaded,event_list_endpoint_validated_summary,1754780400.0,2025-08-09 23:00:00+00:00,42,3.0,3.0,,40,2025_ev_42,374,3,3.0,final,2025-08-09 23:00:00+00:00,1
2025,2025_quarterfinal_1,200,True,2025.0,2025_ev_43,375.0,post,2025_quarterfinal_1,downloaded,event_list_endpoint_validated_summary,1755986400.0,2025-08-23 22:00:00+00:00,,3.0,3.0,,41,2025_ev_43,375,3,3.0,final,2025-08-23 22:00:00+00:00,1
2025,2025_quarterfinal_2,200,True,2025.0,2025_ev_44,376.0,post,2025_quarterfinal_2,downloaded,event_list_endpoint_validated_summary,1755995400.0,2025-08-24 00:30:00+00:00,,3.0,3.0,,42,2025_ev_44,376,3,3.0,final,2025-08-24 00:30:00+00:00,1
2025,2025_semifinal_2,200,True,2025.0,2025_ev_48,380.0,post,2025_semifinal_2,downloaded,event_list_endpoint_validated_summary,1756742400.0,2025-09-01 16:00:00+00:00,,3.0,3.0,,43,2025_ev_48,380,3,3.0,final,2025-09-01 16:00:00+00:00,1
2025,2025_semifinal_1,200,True,2025.0,2025_ev_47,379.0,post,2025_semifinal_1,downloaded,event_list_endpoint_validated_summary,1756753200.0,2025-09-01 19:00:00+00:00,,3.0,3.0,,44,2025_ev_47,379,3,3.0,final,2025-09-01 19:00:00+00:00,1
2025,2025_championship_game,200,True,2025.0,2025_ev_49,381.0,post,2025_championship_game,downloaded,event_list_endpoint_validated_summary,1757867400.0,2025-09-14 16:30:00+00:00,,3.0,3.0,,45,2025_ev_49,381,3,3.0,final,2025-09-14 16:30:00+00:00,1
2026,2026-ev-1,200,True,2026.0,2026_game_1,465.0,regular,2026-ev-1,downloaded,event_list_endpoint_validated_summary,1778284800.0,2026-05-09 00:00:00+00:00,1,3.0,3.0,,1,2026_game_1,465,3,3.0,final,2026-05-09 00:00:00+00:00,1
2026,2026-ev-2,200,True,2026.0,2026_game_2,466.0,regular,2026-ev-2,downloaded,event_list_endpoint_validated_summary,1778293800.0,2026-05-09 02:30:00+00:00,2,3.0,3.0,,2,2026_game_2,466,3,3.0,final,2026-05-09 02:30:00+00:00,1
2026,2026-ev-4,200,True,2026.0,2026_game_4,468.0,regular,2026-ev-4,downloaded,event_list_endpoint_validated_summary,1778358600.0,2026-05-09 20:30:00+00:00,4,3.0,3.0,,3,2026_game_4,468,3,3.0,final,2026-05-09 20:30:00+00:00,1
2026,2026-ev-3,200,True,2026.0,2026_game_3,467.0,regular,2026-ev-3,downloaded,event_list_endpoint_validated_summary,1778367600.0,2026-05-09 23:00:00+00:00,3,3.0,3.0,,4,2026_game_3,467,3,3.0,final,2026-05-09 23:00:00+00:00,1
2026,2026-ev-5,200,True,2026.0,2026_game_5,470.0,regular,2026-ev-5,downloaded,event_list_endpoint_validated_summary,1778882400.0,2026-05-15 22:00:00+00:00,5,3.0,3.0,,5,2026_game_5,470,3,3.0,final,2026-05-15 22:00:00+00:00,1
2026,2026-ev-6,200,True,2026.0,2026_game_6,471.0,regular,2026-ev-6,downloaded,event_list_endpoint_validated_summary,1778891400.0,2026-05-16 00:30:00+00:00,6,3.0,3.0,,6,2026_game_6,471,3,3.0,final,2026-05-16 00:30:00+00:00,1
2026,2026-ev-7,200,True,2026.0,2026_game_7,472.0,regular,2026-ev-7,downloaded,event_list_endpoint_validated_summary,1778950800.0,2026-05-16 17:00:00+00:00,7,3.0,3.0,,7,2026_game_7,472,3,3.0,final,2026-05-16 17:00:00+00:00,1
2026,2026-ev-8,200,True,2026.0,2026_game_8,473.0,regular,2026-ev-8,downloaded,event_list_endpoint_validated_summary,1778976000.0,2026-05-17 00:00:00+00:00,8,3.0,3.0,,8,2026_game_8,473,3,3.0,final,2026-05-17 00:00:00+00:00,1
2026,2026-ev-9,200,True,2026.0,2026_game_9,474.0,regular,2026-ev-9,downloaded,event_list_endpoint_validated_summary,1780092000.0,2026-05-29 22:00:00+00:00,9,3.0,3.0,,9,2026_game_9,474,3,3.0,final,2026-05-29 22:00:00+00:00,1
2026,2026-ev-10,200,True,2026.0,2026_game_10,476.0,regular,2026-ev-10,downloaded,event_list_endpoint_validated_summary,1780160400.0,2026-05-30 17:00:00+00:00,10,3.0,3.0,,10,2026_game_10,476,3,3.0,final,2026-05-30 17:00:00+00:00,1
2026,2026-ev-11,200,True,2026.0,2026_game_11,477.0,regular,2026-ev-11,downloaded,event_list_endpoint_validated_summary,1780176600.0,2026-05-30 21:30:00+00:00,11,3.0,3.0,,11,2026_game_11,477,3,3.0,final,2026-05-30 21:30:00+00:00,1
2026,2026-ev-12,200,True,2026.0,2026_game_12,478.0,regular,2026-ev-12,downloaded,event_list_endpoint_validated_summary,1780185600.0,2026-05-31 00:00:00+00:00,12,3.0,3.0,,12,2026_game_12,478,3,3.0,final,2026-05-31 00:00:00+00:00,1
2026,2026-ev-13,200,True,2026.0,2026_game_13,479.0,regular,2026-ev-13,downloaded,event_list_endpoint_validated_summary,1780696800.0,2026-06-05 22:00:00+00:00,13,3.0,3.0,,13,2026_game_13,479,3,3.0,final,2026-06-05 22:00:00+00:00,1
2026,2026-ev-14,200,True,2026.0,2026_game_14,481.0,regular,2026-ev-14,downloaded,event_list_endpoint_validated_summary,1780705800.0,2026-06-06 00:30:00+00:00,14,3.0,3.0,,14,2026_game_14,481,3,3.0,final,2026-06-06 00:30:00+00:00,1
2026,2026-ev-15,200,True,2026.0,2026_game_15,482.0,regular,2026-ev-15,downloaded,event_list_endpoint_validated_summary,1780781400.0,2026-06-06 21:30:00+00:00,15,3.0,3.0,,15,2026_game_15,482,3,3.0,final,2026-06-06 21:30:00+00:00,1
2026,2026-ev-16,200,True,2026.0,2026_game_16,483.0,regular,2026-ev-16,downloaded,event_list_endpoint_validated_summary,1780790400.0,2026-06-07 00:00:00+00:00,16,3.0,3.0,,16,2026_game_16,483,3,3.0,final,2026-06-07 00:00:00+00:00,1
2026,2026-ev-17,200,True,2026.0,2026_game_17,484.0,regular,2026-ev-17,downloaded,event_list_endpoint_validated_summary,1781906400.0,2026-06-19 22:00:00+00:00,17,3.0,3.0,,17,2026_game_17,484,3,3.0,final,2026-06-19 22:00:00+00:00,1
2026,2026-ev-18,200,True,2026.0,2026_game_18,486.0,regular,2026-ev-18,downloaded,event_list_endpoint_validated_summary,1781915400.0,2026-06-20 00:30:00+00:00,18,3.0,3.0,,18,2026_game_18,486,3,3.0,final,2026-06-20 00:30:00+00:00,1
2026,2026-ev-19,200,True,2026.0,2026_game_19,487.0,regular,2026-ev-19,downloaded,event_list_endpoint_validated_summary,1782003600.0,2026-06-21 01:00:00+00:00,19,3.0,3.0,,19,2026_game_19,487,3,3.0,final,2026-06-21 01:00:00+00:00,1
2026,2026-ev-21,200,True,2026.0,2026_game_21,489.0,regular,2026-ev-21,downloaded,event_list_endpoint_validated_summary,1782590400.0,2026-06-27 20:00:00+00:00,21,3.0,3.0,,20,2026_game_21,489,3,3.0,final,2026-06-27 20:00:00+00:00,1
2026,2026-ev-22,200,True,2026.0,2026_game_22,490.0,regular,2026-ev-22,downloaded,event_list_endpoint_validated_summary,1782606600.0,2026-06-28 00:30:00+00:00,22,3.0,3.0,,21,2026_game_22,490,3,3.0,final,2026-06-28 00:30:00+00:00,1
2026,2026-ev-23,200,True,2026.0,2026_game_23,492.0,regular,2026-ev-23,downloaded,event_list_endpoint_validated_summary,1782676800.0,2026-06-28 20:00:00+00:00,23,3.0,3.0,,22,2026_game_23,492,3,3.0,final,2026-06-28 20:00:00+00:00,1
2026,2026-ev-24,200,True,2026.0,2026_game_24,493.0,regular,2026-ev-24,downloaded,event_list_endpoint_validated_summary,1782685800.0,2026-06-28 22:30:00+00:00,24,3.0,3.0,,23,2026_game_24,493,3,3.0,final,2026-06-28 22:30:00+00:00,1
2026,2026-ev-25,200,True,2026.0,2026_game_25,496.0,regular,2026-ev-25,downloaded,event_list_endpoint_validated_summary,1783722600.0,2026-07-10 22:30:00+00:00,25,3.0,3.0,,24,2026_game_25,496,3,3.0,final,2026-07-10 22:30:00+00:00,1
2026,2026-ev-27,200,True,2026.0,2026_game_27,498.0,regular,2026-ev-27,downloaded,event_list_endpoint_validated_summary,1783731600.0,2026-07-11 01:00:00+00:00,27,3.0,3.0,,25,2026_game_27,498,3,3.0,final,2026-07-11 01:00:00+00:00,1
2026,2026-ev-28,200,True,2026.0,2026_game_28,500.0,regular,2026-ev-28,downloaded,event_list_endpoint_validated_summary,1783792800.0,2026-07-11 18:00:00+00:00,28,3.0,3.0,,26,2026_game_28,500,3,3.0,final,2026-07-11 18:00:00+00:00,1
2026,2026-ev-26,200,True,2026.0,2026_game_26,497.0,regular,2026-ev-26,downloaded,event_list_endpoint_validated_summary,1783819800.0,2026-07-12 01:30:00+00:00,26,3.0,3.0,,27,2026_game_26,497,3,3.0,final,2026-07-12 01:30:00+00:00,1
2026,2026-ev-29,200,True,2026.0,2026_game_29,501.0,regular,2026-ev-29,downloaded,event_list_endpoint_validated_summary,1784325600.0,2026-07-17 22:00:00+00:00,29,3.0,3.0,,28,2026_game_29,501,3,3.0,final,2026-07-17 22:00:00+00:00,1
2026,2026-ev-30,200,True,2026.0,2026_game_30,503.0,regular,2026-ev-30,downloaded,event_list_endpoint_validated_summary,1784397600.0,2026-07-18 18:00:00+00:00,30,3.0,3.0,,29,2026_game_30,503,3,3.0,final,2026-07-18 18:00:00+00:00,1
2026,2026-ev-31,200,True,2026.0,2026_game_31,504.0,regular,2026-ev-31,downloaded,event_list_endpoint_validated_summary,1784406600.0,2026-07-18 20:30:00+00:00,31,3.0,3.0,,30,2026_game_31,504,3,3.0,final,2026-07-18 20:30:00+00:00,1
2026,2026-ev-32,200,True,2026.0,2026_game_32,505.0,regular,2026-ev-32,downloaded,event_list_endpoint_validated_summary,1784487600.0,2026-07-19 19:00:00+00:00,32,3.0,3.0,,31,2026_game_32,505,3,3.0,final,2026-07-19 19:00:00+00:00,1
2026,2026-ev-33,200,True,2026.0,2026_game_33,506.0,regular,2026-ev-33,downloaded,event_list_endpoint_validated_summary,1784937600.0,2026-07-25 00:00:00+00:00,33,3.0,3.0,,32,2026_game_33,506,3,3.0,final,2026-07-25 00:00:00+00:00,1
2026,2026-ev-34,200,True,2026.0,2026_game_34,507.0,regular,2026-ev-34,downloaded,event_list_endpoint_validated_summary,1784946600.0,2026-07-25 02:30:00+00:00,34,3.0,3.0,,33,2026_game_34,507,3,3.0,final,2026-07-25 02:30:00+00:00,1
2026,2026-ev-35,200,True,2026.0,2026_game_35,508.0,regular,2026-ev-35,downloaded,event_list_endpoint_validated_summary,1785002400.0,2026-07-25 18:00:00+00:00,35,3.0,3.0,,34,2026_game_35,508,3,3.0,final,2026-07-25 18:00:00+00:00,1
2026,2026-ev-36,200,True,2026.0,2026_game_36,509.0,regular,2026-ev-36,downloaded,event_list_endpoint_validated_summary,1785018600.0,2026-07-25 22:30:00+00:00,36,3.0,3.0,,35,2026_game_36,509,3,3.0,final,2026-07-25 22:30:00+00:00,1
2026,2026-ev-20,200,True,2026.0,2026_game_20,488.0,regular,2026-ev-20,downloaded,event_list_endpoint_validated_summary,1785027600.0,2026-07-26 01:00:00+00:00,20,3.0,3.0,,36,2026_game_20,488,3,3.0,final,2026-07-26 01:00:00+00:00,1
2026,2026-ev-37,200,True,2026.0,2026_game_37,510.0,regular,2026-ev-37,downloaded,event_list_endpoint_validated_summary,1785535200.0,2026-07-31 22:00:00+00:00,37,3.0,3.0,,37,2026_game_37,510,3,3.0,final,2026-07-31 22:00:00+00:00,1
2026,2026-ev-38,200,True,2026.0,2026_game_38,511.0,regular,2026-ev-38,downloaded,event_list_endpoint_validated_summary,1785544200.0,2026-08-01 00:30:00+00:00,38,3.0,3.0,,38,2026_game_38,511,3,3.0,final,2026-08-01 00:30:00+00:00,1
2026,2026-ev-39,200,True,2026.0,2026_game_39,512.0,regular,2026-ev-39,downloaded,event_list_endpoint_validated_summary,1785601800.0,2026-08-01 16:30:00+00:00,39,3.0,3.0,,39,2026_game_39,512,3,3.0,final,2026-08-01 16:30:00+00:00,1
2026,2026-ev-40,200,True,2026.0,2026_game_40,513.0,regular,2026-ev-40,downloaded,event_list_endpoint_validated_summary,1785610800.0,2026-08-01 19:00:00+00:00,40,3.0,3.0,,40,2026_game_40,513,3,3.0,final,2026-08-01 19:00:00+00:00,1
2026,2026-ev-41,200,True,2026.0,2026_game_41,514.0,regular,2026-ev-41,downloaded,event_list_endpoint_validated_summary,1785697200.0,2026-08-02 19:00:00+00:00,41,3.0,3.0,,41,2026_game_41,514,3,3.0,final,2026-08-02 19:00:00+00:00,1
2026,2026-ev-42,200,True,2026.0,2026_game_42,515.0,regular,2026-ev-42,downloaded,event_list_endpoint_validated_summary,1786140000.0,2026-08-07 22:00:00+00:00,42,3.0,3.0,,42,2026_game_42,515,3,3.0,final,2026-08-07 22:00:00+00:00,1
2026,2026-ev-43,200,True,2026.0,2026_game_43,516.0,regular,2026-ev-43,downloaded,event_list_endpoint_validated_summary,1786149000.0,2026-08-08 00:30:00+00:00,43,3.0,3.0,,43,2026_game_43,516,3,3.0,final,2026-08-08 00:30:00+00:00,1
2026,2026-ev-44,200,True,2026.0,2026_game_44,517.0,regular,2026-ev-44,downloaded,event_list_endpoint_validated_summary,1786208400.0,2026-08-08 17:00:00+00:00,44,3.0,3.0,,44,2026_game_44,517,3,3.0,final,2026-08-08 17:00:00+00:00,1
2026,2026-ev-45,200,True,2026.0,2026_game_45,519.0,regular,2026-ev-45,downloaded,event_list_endpoint_validated_summary,1786233600.0,2026-08-09 00:00:00+00:00,45,3.0,3.0,,45,2026_game_45,519,3,3.0,final,2026-08-09 00:00:00+00:00,1
2026,2026-ev-47,200,True,2026.0,2026_game_47,522.0,regular,2026-ev-47,downloaded,event_list_endpoint_validated_summary,1786816800.0,2026-08-15 18:00:00+00:00,47,3.0,3.0,,46,2026_game_47,522,3,3.0,final,2026-08-15 18:00:00+00:00,1
2026,2026-ev-46,200,True,2026.0,2026_game_46,520.0,regular,2026-ev-46,downloaded,event_list_endpoint_validated_summary,1786899600.0,2026-08-16 17:00:00+00:00,46,3.0,3.0,,47,2026_game_46,520,3,3.0,final,2026-08-16 17:00:00+00:00,1
2026,2026-ev-48,200,True,2026.0,2026_game_48,523.0,regular,2026-ev-48,downloaded,event_list_endpoint_validated_summary,1786908600.0,2026-08-16 19:30:00+00:00,48,3.0,3.0,,48,2026_game_48,523,3,3.0,final,2026-08-16 19:30:00+00:00,1
