team_id,team_name,opponent_team_id,opponent_team_name,games,wins,losses,ties,score_margin,first_game_date,last_game_date,scores,goals,one_point_goals,two_point_goals,assists,shots,shots_on_goal,two_point_shots,two_point_shots_on_goal,ground_balls,turnovers,caused_turnovers,faceoffs,faceoffs_won,faceoffs_lost,saves,clean_saves,messy_saves,scores_against,goals_against,num_penalties,pim,power_play_goals,power_play_shots,power_play_goals_against,times_man_up,times_short_handed,ride_attempts,clear_attempts,clears,shot_clock_expirations,two_point_goals_against,touches,total_passes,time_in_possession,time_in_possession_available_game,official_total_possessions,offensive_sequence_proxy,win_pct,score_margin_per_game,shot_pct_calc,shots_on_goal_rate_calc,faceoff_pct_calc,clear_pct_calc,scores_per_game,goals_per_game,one_point_goals_per_game,two_point_goals_per_game,assists_per_game,shots_per_game,shots_on_goal_per_game,two_point_shots_per_game,two_point_shots_on_goal_per_game,ground_balls_per_game,turnovers_per_game,caused_turnovers_per_game,faceoffs_per_game,faceoffs_won_per_game,faceoffs_lost_per_game,saves_per_game,clean_saves_per_game,messy_saves_per_game,scores_against_per_game,goals_against_per_game,num_penalties_per_game,pim_per_game,power_play_goals_per_game,power_play_shots_per_game,power_play_goals_against_per_game,times_man_up_per_game,times_short_handed_per_game,ride_attempts_per_game,clear_attempts_per_game,clears_per_game,shot_clock_expirations_per_game,two_point_goals_against_per_game,touches_per_game,total_passes_per_game,time_in_possession_per_game,time_in_possession_available_game_per_game,official_total_possessions_per_game,offensive_sequence_proxy_per_game,passes_per_touch,seconds_possession_per_touch,touches_per_offensive_sequence_proxy,passes_per_offensive_sequence_proxy,time_in_possession_total_display,time_in_possession_per_game_display
ARC,Archers,ATL,Atlas,6,2.0,4.0,0.0,0.0,2022-06-26,2026-07-11,67.0,64.0,61.0,3.0,26.0,230.0,144.0,30.0,15.0,183.0,124.0,53.0,152.0,60.0,91.0,63.0,26.0,37.0,67.0,64.0,9.0,7.0,4.0,10.0,2.0,17.0,8.0,190.0,198.0,194.0,16.0,3.0,1489.0,1135.0,7582.0,6,255.0,370.0,0.3333333333333333,0.0,0.2782608695652174,0.6260869565217392,0.39473684210526316,0.9797979797979798,11.166666666666666,10.666666666666666,10.166666666666666,0.5,4.333333333333333,38.333333333333336,24.0,5.0,2.5,30.5,20.666666666666668,8.833333333333334,25.333333333333332,10.0,15.166666666666666,10.5,4.333333333333333,6.166666666666667,11.166666666666666,10.666666666666666,1.5,1.1666666666666667,0.6666666666666666,1.6666666666666667,0.3333333333333333,2.8333333333333335,1.3333333333333333,31.666666666666668,33.0,32.333333333333336,2.6666666666666665,0.5,248.16666666666666,189.16666666666666,1263.6666666666667,1.0,42.5,61.666666666666664,0.7622565480188046,5.092008059100067,4.024324324324325,3.0675675675675675,2:06:22,21:04
ARC,Archers,CAN,Cannons,5,3.0,2.0,0.0,13.0,2022-06-18,2025-06-07,70.0,69.0,68.0,1.0,38.0,201.0,144.0,18.0,13.0,180.0,91.0,36.0,138.0,79.0,58.0,66.0,14.0,52.0,57.0,49.0,15.0,12.5,11.0,24.0,6.0,22.0,14.0,134.0,157.0,154.0,17.0,8.0,1394.0,1102.0,6922.0,5,233.0,309.0,0.6,2.6,0.34328358208955223,0.7164179104477612,0.572463768115942,0.9808917197452229,14.0,13.8,13.6,0.2,7.6,40.2,28.8,3.6,2.6,36.0,18.2,7.2,27.6,15.8,11.6,13.2,2.8,10.4,11.4,9.8,3.0,2.5,2.2,4.8,1.2,4.4,2.8,26.8,31.4,30.8,3.4,1.6,278.8,220.4,1384.4,1.0,46.6,61.8,0.7905308464849354,4.9655667144906745,4.511326860841424,3.5663430420711975,1:55:22,23:04
ARC,Archers,CHA,Chaos,8,6.0,2.0,0.0,14.0,2022-06-11,2026-06-05,99.0,93.0,87.0,6.0,50.0,352.0,216.0,42.0,24.0,226.0,125.0,39.0,206.0,100.0,102.0,107.0,38.0,69.0,85.0,82.0,18.0,11.5,6.0,15.0,7.0,16.0,16.0,242.0,240.0,236.0,20.0,3.0,2112.0,1635.0,10708.0,8,288.0,497.0,0.75,1.75,0.26420454545454547,0.6136363636363636,0.4854368932038835,0.9833333333333333,12.375,11.625,10.875,0.75,6.25,44.0,27.0,5.25,3.0,28.25,15.625,4.875,25.75,12.5,12.75,13.375,4.75,8.625,10.625,10.25,2.25,1.4375,0.75,1.875,0.875,2.0,2.0,30.25,30.0,29.5,2.5,0.375,264.0,204.375,1338.5,1.0,36.0,62.125,0.7741477272727273,5.070075757575758,4.249496981891348,3.289738430583501,2:58:28,22:18
ARC,Archers,OUT,Outlaws,9,5.0,4.0,0.0,15.0,2022-06-05,2026-07-25,111.0,102.0,93.0,9.0,68.0,356.0,212.0,44.0,24.0,305.0,160.0,62.0,221.0,98.0,122.0,121.0,37.0,84.0,96.0,85.0,34.0,28.5,11.0,32.0,13.0,24.0,31.0,267.0,293.0,289.0,37.0,11.0,2395.0,1879.0,12057.0,9,342.0,553.0,0.5555555555555556,1.6666666666666667,0.28651685393258425,0.5955056179775281,0.4434389140271493,0.9863481228668942,12.333333333333334,11.333333333333334,10.333333333333334,1.0,7.555555555555555,39.55555555555556,23.555555555555557,4.888888888888889,2.6666666666666665,33.888888888888886,17.77777777777778,6.888888888888889,24.555555555555557,10.88888888888889,13.555555555555555,13.444444444444445,4.111111111111111,9.333333333333334,10.666666666666666,9.444444444444445,3.7777777777777777,3.1666666666666665,1.2222222222222223,3.5555555555555554,1.4444444444444444,2.6666666666666665,3.4444444444444446,29.666666666666668,32.55555555555556,32.111111111111114,4.111111111111111,1.2222222222222223,266.1111111111111,208.77777777777777,1339.6666666666667,1.0,38.0,61.44444444444444,0.7845511482254697,5.034237995824634,4.330922242314648,3.397830018083183,3:20:57,22:20
ARC,Archers,RED,Redwoods,8,5.0,3.0,0.0,10.0,2022-07-01,2026-06-20,87.0,82.0,77.0,5.0,45.0,338.0,198.0,50.0,25.0,236.0,141.0,51.0,184.0,88.0,94.0,100.0,30.0,70.0,77.0,72.0,24.0,15.5,7.0,18.0,5.0,17.0,22.0,238.0,243.0,237.0,23.0,5.0,1929.0,1450.0,10284.0,8,251.0,502.0,0.625,1.25,0.24260355029585798,0.5857988165680473,0.4782608695652174,0.9753086419753086,10.875,10.25,9.625,0.625,5.625,42.25,24.75,6.25,3.125,29.5,17.625,6.375,23.0,11.0,11.75,12.5,3.75,8.75,9.625,9.0,3.0,1.9375,0.875,2.25,0.625,2.125,2.75,29.75,30.375,29.625,2.875,0.625,241.125,181.25,1285.5,1.0,31.375,62.75,0.751684810782789,5.331259720062208,3.8426294820717133,2.8884462151394423,2:51:24,21:26
ARC,Archers,WAT,Waterdogs,7,4.0,3.0,0.0,9.0,2022-08-21,2026-07-18,99.0,92.0,85.0,7.0,46.0,287.0,183.0,46.0,26.0,256.0,127.0,41.0,205.0,125.0,78.0,111.0,27.0,84.0,90.0,85.0,29.0,24.5,7.0,18.0,12.0,17.0,29.0,195.0,215.0,214.0,25.0,5.0,1889.0,1475.0,9388.0,7,322.0,439.0,0.5714285714285714,1.2857142857142858,0.3205574912891986,0.6376306620209059,0.6097560975609756,0.9953488372093023,14.142857142857142,13.142857142857142,12.142857142857142,1.0,6.571428571428571,41.0,26.142857142857142,6.571428571428571,3.7142857142857144,36.57142857142857,18.142857142857142,5.857142857142857,29.285714285714285,17.857142857142858,11.142857142857142,15.857142857142858,3.857142857142857,12.0,12.857142857142858,12.142857142857142,4.142857142857143,3.5,1.0,2.5714285714285716,1.7142857142857142,2.4285714285714284,4.142857142857143,27.857142857142858,30.714285714285715,30.571428571428573,3.5714285714285716,0.7142857142857143,269.85714285714283,210.71428571428572,1341.142857142857,1.0,46.0,62.714285714285715,0.7808364213869773,4.96982530439386,4.302961275626424,3.359908883826879,2:36:28,22:21
ARC,Archers,WHP,Whipsnakes,7,5.0,2.0,0.0,14.0,2022-08-06,2026-07-25,84.0,78.0,72.0,6.0,35.0,270.0,166.0,34.0,15.0,218.0,134.0,49.0,172.0,87.0,83.0,99.0,39.0,60.0,70.0,66.0,22.0,20.0,5.0,14.0,7.0,12.0,19.0,220.0,218.0,215.0,40.0,4.0,1836.0,1432.0,9108.0,7,301.0,444.0,0.7142857142857143,2.0,0.28888888888888886,0.6148148148148148,0.5058139534883721,0.9862385321100917,12.0,11.142857142857142,10.285714285714286,0.8571428571428571,5.0,38.57142857142857,23.714285714285715,4.857142857142857,2.142857142857143,31.142857142857142,19.142857142857142,7.0,24.571428571428573,12.428571428571429,11.857142857142858,14.142857142857142,5.571428571428571,8.571428571428571,10.0,9.428571428571429,3.142857142857143,2.857142857142857,0.7142857142857143,2.0,1.0,1.7142857142857142,2.7142857142857144,31.428571428571427,31.142857142857142,30.714285714285715,5.714285714285714,0.5714285714285714,262.2857142857143,204.57142857142858,1301.142857142857,1.0,43.0,63.42857142857143,0.7799564270152506,4.96078431372549,4.135135135135135,3.225225225225225,2:31:48,21:41
ATL,Atlas,ARC,Archers,6,4.0,2.0,0.0,0.0,2022-06-26,2026-07-11,67.0,64.0,61.0,3.0,37.0,231.0,139.0,28.0,12.0,202.0,121.0,48.0,152.0,91.0,60.0,71.0,20.0,51.0,67.0,64.0,17.0,11.5,2.0,6.0,4.0,8.0,17.0,198.0,190.0,187.0,24.0,3.0,1597.0,1245.0,8480.0,6,279.0,376.0,0.6666666666666666,0.0,0.27705627705627706,0.6017316017316018,0.5986842105263158,0.9842105263157894,11.166666666666666,10.666666666666666,10.166666666666666,0.5,6.166666666666667,38.5,23.166666666666668,4.666666666666667,2.0,33.666666666666664,20.166666666666668,8.0,25.333333333333332,15.166666666666666,10.0,11.833333333333334,3.3333333333333335,8.5,11.166666666666666,10.666666666666666,2.8333333333333335,1.9166666666666667,0.3333333333333333,1.0,0.6666666666666666,1.3333333333333333,2.8333333333333335,33.0,31.666666666666668,31.166666666666668,4.0,0.5,266.1666666666667,207.5,1413.3333333333333,1.0,46.5,62.666666666666664,0.7795867251095805,5.3099561678146525,4.247340425531915,3.3111702127659575,2:21:20,23:33
ATL,Atlas,CAN,Cannons,9,4.0,5.0,0.0,3.0,2022-06-11,2026-07-19,126.0,118.0,110.0,8.0,71.0,376.0,241.0,44.0,23.0,349.0,179.0,59.0,261.0,182.0,78.0,111.0,44.0,67.0,123.0,111.0,23.0,14.5,11.0,31.0,6.0,27.0,21.0,261.0,295.0,288.0,30.0,12.0,2420.0,1865.0,12291.0,9,377.0,585.0,0.4444444444444444,0.3333333333333333,0.31382978723404253,0.6409574468085106,0.6973180076628352,0.976271186440678,14.0,13.11111111111111,12.222222222222221,0.8888888888888888,7.888888888888889,41.77777777777778,26.77777777777778,4.888888888888889,2.5555555555555554,38.77777777777778,19.88888888888889,6.555555555555555,29.0,20.22222222222222,8.666666666666666,12.333333333333334,4.888888888888889,7.444444444444445,13.666666666666666,12.333333333333334,2.5555555555555554,1.6111111111111112,1.2222222222222223,3.4444444444444446,0.6666666666666666,3.0,2.3333333333333335,29.0,32.77777777777778,32.0,3.3333333333333335,1.3333333333333333,268.8888888888889,207.22222222222223,1365.6666666666667,1.0,41.888888888888886,65.0,0.7706611570247934,5.078925619834711,4.136752136752137,3.1880341880341883,3:24:51,22:46
ATL,Atlas,CHA,Chaos,5,4.0,1.0,0.0,6.0,2022-08-21,2026-05-09,62.0,56.0,50.0,6.0,25.0,212.0,125.0,27.0,16.0,192.0,96.0,30.0,130.0,87.0,42.0,65.0,18.0,47.0,56.0,54.0,21.0,16.0,6.0,16.0,7.0,15.0,18.0,152.0,167.0,161.0,25.0,2.0,1392.0,1084.0,7433.0,5,233.0,333.0,0.8,1.2,0.2641509433962264,0.589622641509434,0.6692307692307692,0.9640718562874252,12.4,11.2,10.0,1.2,5.0,42.4,25.0,5.4,3.2,38.4,19.2,6.0,26.0,17.4,8.4,13.0,3.6,9.4,11.2,10.8,4.2,3.2,1.2,3.2,1.4,3.0,3.6,30.4,33.4,32.2,5.0,0.4,278.4,216.8,1486.6,1.0,46.6,66.6,0.7787356321839081,5.339798850574713,4.18018018018018,3.255255255255255,2:03:53,24:47
ATL,Atlas,OUT,Outlaws,5,3.0,2.0,0.0,8.0,2022-07-02,2026-05-30,63.0,59.0,55.0,4.0,37.0,182.0,125.0,21.0,12.0,174.0,94.0,29.0,130.0,77.0,53.0,75.0,28.0,47.0,55.0,51.0,16.0,11.5,5.0,9.0,1.0,11.0,15.0,151.0,168.0,166.0,14.0,4.0,1259.0,983.0,6985.0,5,230.0,290.0,0.6,1.6,0.3241758241758242,0.6868131868131868,0.5923076923076923,0.9880952380952381,12.6,11.8,11.0,0.8,7.4,36.4,25.0,4.2,2.4,34.8,18.8,5.8,26.0,15.4,10.6,15.0,5.6,9.4,11.0,10.2,3.2,2.3,1.0,1.8,0.2,2.2,3.0,30.2,33.6,33.2,2.8,0.8,251.8,196.6,1397.0,1.0,46.0,58.0,0.7807783955520254,5.548054011119937,4.341379310344828,3.389655172413793,1:56:25,23:17
ATL,Atlas,RED,Redwoods,7,3.0,4.0,0.0,7.0,2022-06-04,2026-06-06,98.0,93.0,88.0,5.0,63.0,290.0,192.0,42.0,26.0,237.0,116.0,56.0,206.0,96.0,110.0,88.0,23.0,65.0,91.0,85.0,20.0,13.0,7.0,19.0,5.0,18.0,17.0,202.0,207.0,202.0,17.0,6.0,1722.0,1316.0,9083.0,7,312.0,423.0,0.42857142857142855,1.0,0.32068965517241377,0.6620689655172414,0.46601941747572817,0.9758454106280193,14.0,13.285714285714286,12.571428571428571,0.7142857142857143,9.0,41.42857142857143,27.428571428571427,6.0,3.7142857142857144,33.857142857142854,16.571428571428573,8.0,29.428571428571427,13.714285714285714,15.714285714285714,12.571428571428571,3.2857142857142856,9.285714285714286,13.0,12.142857142857142,2.857142857142857,1.8571428571428572,1.0,2.7142857142857144,0.7142857142857143,2.5714285714285716,2.4285714285714284,28.857142857142858,29.571428571428573,28.857142857142858,2.4285714285714284,0.8571428571428571,246.0,188.0,1297.5714285714287,1.0,44.57142857142857,60.42857142857143,0.7642276422764228,5.274680603948896,4.070921985815603,3.111111111111111,2:31:23,21:38
ATL,Atlas,WAT,Waterdogs,8,3.0,5.0,0.0,3.0,2022-08-06,2026-07-25,115.0,107.0,99.0,8.0,60.0,344.0,229.0,45.0,26.0,312.0,169.0,53.0,239.0,160.0,78.0,114.0,38.0,76.0,112.0,102.0,24.0,16.5,5.0,18.0,7.0,14.0,22.0,247.0,257.0,251.0,35.0,10.0,2103.0,1590.0,10236.0,8,285.0,548.0,0.375,0.375,0.311046511627907,0.6656976744186046,0.6694560669456067,0.9766536964980544,14.375,13.375,12.375,1.0,7.5,43.0,28.625,5.625,3.25,39.0,21.125,6.625,29.875,20.0,9.75,14.25,4.75,9.5,14.0,12.75,3.0,2.0625,0.625,2.25,0.875,1.75,2.75,30.875,32.125,31.375,4.375,1.25,262.875,198.75,1279.5,1.0,35.625,68.5,0.7560627674750356,4.867332382310984,3.8375912408759123,2.9014598540145986,2:50:36,21:20
ATL,Atlas,WHP,Whipsnakes,9,4.0,5.0,0.0,-15.0,2022-06-18,2026-06-21,103.0,96.0,89.0,7.0,51.0,372.0,240.0,49.0,27.0,286.0,139.0,63.0,241.0,126.0,114.0,134.0,40.0,94.0,118.0,109.0,21.0,16.0,4.0,11.0,5.0,9.0,21.0,276.0,267.0,262.0,29.0,9.0,2219.0,1708.0,10372.0,8,341.0,540.0,0.4444444444444444,-1.6666666666666667,0.25806451612903225,0.6451612903225806,0.5228215767634855,0.9812734082397003,11.444444444444445,10.666666666666666,9.88888888888889,0.7777777777777778,5.666666666666667,41.333333333333336,26.666666666666668,5.444444444444445,3.0,31.77777777777778,15.444444444444445,7.0,26.77777777777778,14.0,12.666666666666666,14.88888888888889,4.444444444444445,10.444444444444445,13.11111111111111,12.11111111111111,2.3333333333333335,1.7777777777777777,0.4444444444444444,1.2222222222222223,0.5555555555555556,1.0,2.3333333333333335,30.666666666666668,29.666666666666668,29.11111111111111,3.2222222222222223,1.0,246.55555555555554,189.77777777777777,1296.5,0.8888888888888888,37.888888888888886,60.0,0.7697160883280757,4.674177557458314,4.109259259259259,3.162962962962963,2:52:52,21:36
CAN,Cannons,ARC,Archers,5,2.0,3.0,0.0,-13.0,2022-06-18,2025-06-07,57.0,49.0,41.0,8.0,30.0,206.0,123.0,36.0,23.0,150.0,93.0,39.0,138.0,58.0,79.0,70.0,21.0,49.0,70.0,69.0,22.0,16.5,6.0,22.0,11.0,14.0,22.0,157.0,134.0,133.0,6.0,1.0,1388.0,1089.0,6428.0,5,210.0,305.0,0.4,-2.6,0.23786407766990292,0.5970873786407767,0.42028985507246375,0.9925373134328358,11.4,9.8,8.2,1.6,6.0,41.2,24.6,7.2,4.6,30.0,18.6,7.8,27.6,11.6,15.8,14.0,4.2,9.8,14.0,13.8,4.4,3.3,1.2,4.4,2.2,2.8,4.4,31.4,26.8,26.6,1.2,0.2,277.6,217.8,1285.6,1.0,42.0,61.0,0.7845821325648416,4.631123919308357,4.550819672131148,3.5704918032786885,1:47:08,21:26
CAN,Cannons,ATL,Atlas,9,5.0,4.0,0.0,-3.0,2022-06-11,2026-07-19,123.0,111.0,99.0,12.0,58.0,392.0,241.0,55.0,31.0,262.0,125.0,89.0,261.0,78.0,182.0,105.0,37.0,68.0,126.0,118.0,28.0,22.0,6.0,22.0,11.0,21.0,27.0,295.0,261.0,255.0,26.0,8.0,2259.0,1742.0,11816.0,9,327.0,543.0,0.5555555555555556,-0.3333333333333333,0.28316326530612246,0.6147959183673469,0.2988505747126437,0.9770114942528736,13.666666666666666,12.333333333333334,11.0,1.3333333333333333,6.444444444444445,43.55555555555556,26.77777777777778,6.111111111111111,3.4444444444444446,29.11111111111111,13.88888888888889,9.88888888888889,29.0,8.666666666666666,20.22222222222222,11.666666666666666,4.111111111111111,7.555555555555555,14.0,13.11111111111111,3.111111111111111,2.4444444444444446,0.6666666666666666,2.4444444444444446,1.2222222222222223,2.3333333333333335,3.0,32.77777777777778,29.0,28.333333333333332,2.888888888888889,0.8888888888888888,251.0,193.55555555555554,1312.888888888889,1.0,36.333333333333336,60.333333333333336,0.7711376715360779,5.230633023461709,4.1602209944751385,3.2081031307550645,3:16:56,21:53
CAN,Cannons,CHA,Chaos,6,1.0,5.0,0.0,-9.0,2022-07-02,2026-07-25,69.0,63.0,57.0,6.0,34.0,287.0,188.0,38.0,20.0,233.0,101.0,60.0,160.0,99.0,61.0,62.0,20.0,42.0,78.0,74.0,12.0,8.0,5.0,15.0,4.0,11.0,11.0,191.0,187.0,183.0,11.0,4.0,1836.0,1448.0,8857.0,6,281.0,399.0,0.16666666666666666,-1.5,0.21951219512195122,0.6550522648083623,0.61875,0.9786096256684492,11.5,10.5,9.5,1.0,5.666666666666667,47.833333333333336,31.333333333333332,6.333333333333333,3.3333333333333335,38.833333333333336,16.833333333333332,10.0,26.666666666666668,16.5,10.166666666666666,10.333333333333334,3.3333333333333335,7.0,13.0,12.333333333333334,2.0,1.3333333333333333,0.8333333333333334,2.5,0.6666666666666666,1.8333333333333333,1.8333333333333333,31.833333333333332,31.166666666666668,30.5,1.8333333333333333,0.6666666666666666,306.0,241.33333333333334,1476.1666666666667,1.0,46.833333333333336,66.5,0.7886710239651417,4.824074074074074,4.601503759398496,3.6290726817042605,2:27:37,24:36
CAN,Cannons,OUT,Outlaws,7,4.0,3.0,0.0,7.0,2022-06-25,2026-07-11,90.0,84.0,78.0,6.0,46.0,274.0,178.0,33.0,16.0,206.0,112.0,51.0,190.0,79.0,110.0,79.0,29.0,50.0,83.0,79.0,25.0,19.5,4.0,18.0,6.0,16.0,24.0,222.0,214.0,213.0,32.0,4.0,1956.0,1570.0,8184.0,6,251.0,418.0,0.5714285714285714,1.0,0.30656934306569344,0.6496350364963503,0.41578947368421054,0.9953271028037384,12.857142857142858,12.0,11.142857142857142,0.8571428571428571,6.571428571428571,39.142857142857146,25.428571428571427,4.714285714285714,2.2857142857142856,29.428571428571427,16.0,7.285714285714286,27.142857142857142,11.285714285714286,15.714285714285714,11.285714285714286,4.142857142857143,7.142857142857143,11.857142857142858,11.285714285714286,3.5714285714285716,2.7857142857142856,0.5714285714285714,2.5714285714285716,0.8571428571428571,2.2857142857142856,3.4285714285714284,31.714285714285715,30.571428571428573,30.428571428571427,4.571428571428571,0.5714285714285714,279.42857142857144,224.28571428571428,1364.0,0.8571428571428571,35.857142857142854,59.714285714285715,0.8026584867075665,4.184049079754601,4.679425837320574,3.7559808612440193,2:16:24,22:44
CAN,Cannons,RED,Redwoods,6,2.0,4.0,0.0,2.0,2022-08-06,2026-06-28,82.0,79.0,76.0,3.0,45.0,254.0,161.0,32.0,13.0,155.0,87.0,48.0,180.0,51.0,129.0,85.0,29.0,56.0,80.0,77.0,26.0,19.5,5.0,13.0,12.0,12.0,24.0,188.0,173.0,167.0,11.0,3.0,1637.0,1296.0,7815.0,6,211.0,352.0,0.3333333333333333,0.3333333333333333,0.3110236220472441,0.6338582677165354,0.2833333333333333,0.9653179190751445,13.666666666666666,13.166666666666666,12.666666666666666,0.5,7.5,42.333333333333336,26.833333333333332,5.333333333333333,2.1666666666666665,25.833333333333332,14.5,8.0,30.0,8.5,21.5,14.166666666666666,4.833333333333333,9.333333333333334,13.333333333333334,12.833333333333334,4.333333333333333,3.25,0.8333333333333334,2.1666666666666665,2.0,2.0,4.0,31.333333333333332,28.833333333333332,27.833333333333332,1.8333333333333333,0.5,272.8333333333333,216.0,1302.5,1.0,35.166666666666664,58.666666666666664,0.7916921197312157,4.7739767868051315,4.650568181818182,3.6818181818181817,2:10:15,21:42
CAN,Cannons,WAT,Waterdogs,9,6.0,3.0,0.0,21.0,2022-06-05,2026-06-07,121.0,109.0,97.0,12.0,59.0,353.0,234.0,58.0,33.0,273.0,157.0,53.0,241.0,118.0,121.0,142.0,51.0,91.0,100.0,98.0,32.0,24.5,5.0,13.0,9.0,15.0,30.0,273.0,266.0,260.0,26.0,2.0,2308.0,1798.0,11631.0,9,350.0,536.0,0.6666666666666666,2.3333333333333335,0.3087818696883853,0.6628895184135978,0.4896265560165975,0.9774436090225563,13.444444444444445,12.11111111111111,10.777777777777779,1.3333333333333333,6.555555555555555,39.22222222222222,26.0,6.444444444444445,3.6666666666666665,30.333333333333332,17.444444444444443,5.888888888888889,26.77777777777778,13.11111111111111,13.444444444444445,15.777777777777779,5.666666666666667,10.11111111111111,11.11111111111111,10.88888888888889,3.5555555555555554,2.7222222222222223,0.5555555555555556,1.4444444444444444,1.0,1.6666666666666667,3.3333333333333335,30.333333333333332,29.555555555555557,28.88888888888889,2.888888888888889,0.2222222222222222,256.44444444444446,199.77777777777777,1292.3333333333333,1.0,38.888888888888886,59.55555555555556,0.7790294627383015,5.039428076256499,4.3059701492537314,3.3544776119402986,3:13:51,21:32
CAN,Cannons,WHP,Whipsnakes,7,3.0,4.0,0.0,-9.0,2022-08-21,2026-05-29,82.0,76.0,70.0,6.0,37.0,278.0,164.0,45.0,25.0,193.0,96.0,57.0,185.0,63.0,122.0,89.0,33.0,56.0,91.0,85.0,14.0,8.5,4.0,10.0,3.0,11.0,13.0,227.0,197.0,195.0,16.0,6.0,1775.0,1401.0,8767.0,7,239.0,390.0,0.42857142857142855,-1.2857142857142858,0.2733812949640288,0.5899280575539568,0.34054054054054056,0.9898477157360406,11.714285714285714,10.857142857142858,10.0,0.8571428571428571,5.285714285714286,39.714285714285715,23.428571428571427,6.428571428571429,3.5714285714285716,27.571428571428573,13.714285714285714,8.142857142857142,26.428571428571427,9.0,17.428571428571427,12.714285714285714,4.714285714285714,8.0,13.0,12.142857142857142,2.0,1.2142857142857142,0.5714285714285714,1.4285714285714286,0.42857142857142855,1.5714285714285714,1.8571428571428572,32.42857142857143,28.142857142857142,27.857142857142858,2.2857142857142856,0.8571428571428571,253.57142857142858,200.14285714285714,1252.4285714285713,1.0,34.142857142857146,55.714285714285715,0.7892957746478874,4.939154929577465,4.551282051282051,3.5923076923076924,2:26:07,20:52
CHA,Chaos,ARC,Archers,8,2.0,6.0,0.0,-14.0,2022-06-11,2026-06-05,85.0,82.0,79.0,3.0,38.0,327.0,205.0,42.0,21.0,257.0,131.0,51.0,206.0,102.0,100.0,116.0,38.0,78.0,99.0,93.0,19.0,14.5,7.0,12.0,6.0,16.0,16.0,240.0,242.0,239.0,29.0,6.0,2148.0,1690.0,10593.0,8,281.0,487.0,0.25,-1.75,0.25076452599388377,0.6269113149847095,0.49514563106796117,0.987603305785124,10.625,10.25,9.875,0.375,4.75,40.875,25.625,5.25,2.625,32.125,16.375,6.375,25.75,12.75,12.5,14.5,4.75,9.75,12.375,11.625,2.375,1.8125,0.875,1.5,0.75,2.0,2.0,30.0,30.25,29.875,3.625,0.75,268.5,211.25,1324.125,1.0,35.125,60.875,0.7867783985102421,4.931564245810056,4.4106776180698155,3.470225872689938,2:56:33,22:04
CHA,Chaos,ATL,Atlas,5,1.0,4.0,0.0,-6.0,2022-08-21,2026-05-09,56.0,54.0,52.0,2.0,27.0,189.0,127.0,18.0,14.0,123.0,75.0,33.0,130.0,42.0,87.0,61.0,29.0,32.0,62.0,56.0,19.0,14.0,7.0,16.0,6.0,18.0,15.0,167.0,152.0,149.0,12.0,6.0,1175.0,911.0,5961.0,5,206.0,276.0,0.2,-1.2,0.2857142857142857,0.671957671957672,0.3230769230769231,0.9802631578947368,11.2,10.8,10.4,0.4,5.4,37.8,25.4,3.6,2.8,24.6,15.0,6.6,26.0,8.4,17.4,12.2,5.8,6.4,12.4,11.2,3.8,2.8,1.4,3.2,1.2,3.6,3.0,33.4,30.4,29.8,2.4,1.2,235.0,182.2,1192.2,1.0,41.2,55.2,0.7753191489361703,5.073191489361702,4.257246376811594,3.300724637681159,1:39:21,19:52
CHA,Chaos,CAN,Cannons,6,5.0,1.0,0.0,9.0,2022-07-02,2026-07-25,78.0,74.0,70.0,4.0,32.0,217.0,142.0,25.0,12.0,184.0,118.0,35.0,160.0,61.0,99.0,104.0,39.0,65.0,69.0,63.0,12.0,11.0,4.0,9.0,5.0,11.0,11.0,187.0,191.0,184.0,18.0,6.0,1429.0,1094.0,7455.0,6,268.0,353.0,0.8333333333333334,1.5,0.34101382488479265,0.6543778801843319,0.38125,0.9633507853403142,13.0,12.333333333333334,11.666666666666666,0.6666666666666666,5.333333333333333,36.166666666666664,23.666666666666668,4.166666666666667,2.0,30.666666666666668,19.666666666666668,5.833333333333333,26.666666666666668,10.166666666666666,16.5,17.333333333333332,6.5,10.833333333333334,11.5,10.5,2.0,1.8333333333333333,0.6666666666666666,1.5,0.8333333333333334,1.8333333333333333,1.8333333333333333,31.166666666666668,31.833333333333332,30.666666666666668,3.0,1.0,238.16666666666666,182.33333333333334,1242.5,1.0,44.666666666666664,58.833333333333336,0.7655703289013296,5.216934919524142,4.048158640226629,3.0991501416430594,2:04:15,20:42
CHA,Chaos,OUT,Outlaws,8,5.0,3.0,0.0,4.0,2022-08-06,2026-07-18,86.0,81.0,76.0,5.0,45.0,308.0,186.0,42.0,21.0,232.0,156.0,57.0,191.0,85.0,106.0,108.0,43.0,65.0,82.0,78.0,30.0,19.5,5.0,14.0,6.0,17.0,23.0,244.0,265.0,261.0,27.0,4.0,2098.0,1634.0,10586.0,8,210.0,491.0,0.625,0.5,0.262987012987013,0.6038961038961039,0.44502617801047123,0.9849056603773585,10.75,10.125,9.5,0.625,5.625,38.5,23.25,5.25,2.625,29.0,19.5,7.125,23.875,10.625,13.25,13.5,5.375,8.125,10.25,9.75,3.75,2.4375,0.625,1.75,0.75,2.125,2.875,30.5,33.125,32.625,3.375,0.5,262.25,204.25,1323.25,1.0,26.25,61.375,0.778836987607245,5.045757864632984,4.272912423625255,3.327902240325866,2:56:26,22:03
CHA,Chaos,RED,Redwoods,9,4.0,5.0,0.0,-11.0,2022-06-18,2026-06-28,98.0,92.0,86.0,6.0,51.0,322.0,203.0,41.0,24.0,226.0,175.0,49.0,230.0,95.0,135.0,145.0,56.0,89.0,109.0,102.0,29.0,22.0,5.0,15.0,10.0,17.0,24.0,281.0,259.0,251.0,19.0,7.0,2182.0,1685.0,11415.0,9,297.0,516.0,0.4444444444444444,-1.2222222222222223,0.2857142857142857,0.6304347826086957,0.41304347826086957,0.9691119691119691,10.88888888888889,10.222222222222221,9.555555555555555,0.6666666666666666,5.666666666666667,35.77777777777778,22.555555555555557,4.555555555555555,2.6666666666666665,25.11111111111111,19.444444444444443,5.444444444444445,25.555555555555557,10.555555555555555,15.0,16.11111111111111,6.222222222222222,9.88888888888889,12.11111111111111,11.333333333333334,3.2222222222222223,2.4444444444444446,0.5555555555555556,1.6666666666666667,1.1111111111111112,1.8888888888888888,2.6666666666666665,31.22222222222222,28.77777777777778,27.88888888888889,2.111111111111111,0.7777777777777778,242.44444444444446,187.22222222222223,1268.3333333333333,1.0,33.0,57.333333333333336,0.7722273143904674,5.231439046746105,4.228682170542636,3.2655038759689923,3:10:15,21:08
CHA,Chaos,WAT,Waterdogs,6,2.0,4.0,0.0,-16.0,2022-06-25,2026-05-31,55.0,53.0,51.0,2.0,27.0,234.0,138.0,31.0,15.0,168.0,107.0,34.0,137.0,81.0,55.0,88.0,29.0,59.0,71.0,60.0,21.0,20.0,8.0,20.0,8.0,17.0,18.0,178.0,182.0,180.0,20.0,11.0,1603.0,1262.0,8210.0,6,207.0,361.0,0.3333333333333333,-2.6666666666666665,0.2264957264957265,0.5897435897435898,0.5912408759124088,0.989010989010989,9.166666666666666,8.833333333333334,8.5,0.3333333333333333,4.5,39.0,23.0,5.166666666666667,2.5,28.0,17.833333333333332,5.666666666666667,22.833333333333332,13.5,9.166666666666666,14.666666666666666,4.833333333333333,9.833333333333334,11.833333333333334,10.0,3.5,3.3333333333333335,1.3333333333333333,3.3333333333333335,1.3333333333333333,2.8333333333333335,3.0,29.666666666666668,30.333333333333332,30.0,3.3333333333333335,1.8333333333333333,267.1666666666667,210.33333333333334,1368.3333333333333,1.0,34.5,60.166666666666664,0.7872738615096694,5.1216469120399255,4.4404432132963985,3.4958448753462603,2:16:50,22:48
CHA,Chaos,WHP,Whipsnakes,7,1.0,6.0,0.0,-26.0,2022-06-04,2026-07-12,72.0,70.0,68.0,2.0,38.0,283.0,162.0,30.0,15.0,208.0,122.0,41.0,192.0,86.0,104.0,86.0,34.0,52.0,98.0,94.0,11.0,8.5,2.0,3.0,5.0,5.0,12.0,212.0,217.0,215.0,25.0,4.0,1738.0,1333.0,9164.0,7,249.0,430.0,0.14285714285714285,-3.7142857142857144,0.24734982332155478,0.5724381625441696,0.4479166666666667,0.9907834101382489,10.285714285714286,10.0,9.714285714285714,0.2857142857142857,5.428571428571429,40.42857142857143,23.142857142857142,4.285714285714286,2.142857142857143,29.714285714285715,17.428571428571427,5.857142857142857,27.428571428571427,12.285714285714286,14.857142857142858,12.285714285714286,4.857142857142857,7.428571428571429,14.0,13.428571428571429,1.5714285714285714,1.2142857142857142,0.2857142857142857,0.42857142857142855,0.7142857142857143,0.7142857142857143,1.7142857142857142,30.285714285714285,31.0,30.714285714285715,3.5714285714285716,0.5714285714285714,248.28571428571428,190.42857142857142,1309.142857142857,1.0,35.57142857142857,61.42857142857143,0.7669735327963176,5.2727272727272725,4.0418604651162795,3.1,2:32:44,21:49
OUT,Outlaws,ARC,Archers,9,4.0,5.0,0.0,-15.0,2022-06-05,2026-07-25,96.0,85.0,74.0,11.0,44.0,384.0,225.0,59.0,34.0,277.0,155.0,54.0,221.0,122.0,98.0,97.0,35.0,62.0,111.0,102.0,31.0,24.0,13.0,30.0,11.0,31.0,24.0,293.0,267.0,261.0,24.0,9.0,2521.0,1982.0,12413.0,9,338.0,563.0,0.4444444444444444,-1.6666666666666667,0.22135416666666666,0.5859375,0.5520361990950227,0.9775280898876404,10.666666666666666,9.444444444444445,8.222222222222221,1.2222222222222223,4.888888888888889,42.666666666666664,25.0,6.555555555555555,3.7777777777777777,30.77777777777778,17.22222222222222,6.0,24.555555555555557,13.555555555555555,10.88888888888889,10.777777777777779,3.888888888888889,6.888888888888889,12.333333333333334,11.333333333333334,3.4444444444444446,2.6666666666666665,1.4444444444444444,3.3333333333333335,1.2222222222222223,3.4444444444444446,2.6666666666666665,32.55555555555556,29.666666666666668,29.0,2.6666666666666665,1.0,280.1111111111111,220.22222222222223,1379.2222222222222,1.0,37.55555555555556,62.55555555555556,0.7861959539865133,4.923839746132487,4.477797513321492,3.520426287744227,3:26:53,22:59
OUT,Outlaws,ATL,Atlas,5,2.0,3.0,0.0,-8.0,2022-07-02,2026-05-30,55.0,51.0,47.0,4.0,29.0,242.0,142.0,32.0,17.0,120.0,73.0,34.0,130.0,53.0,77.0,56.0,26.0,30.0,63.0,59.0,12.0,10.0,1.0,16.0,5.0,15.0,11.0,168.0,151.0,148.0,17.0,4.0,1336.0,1021.0,6682.0,5,206.0,332.0,0.4,-1.6,0.21074380165289255,0.5867768595041323,0.4076923076923077,0.9801324503311258,11.0,10.2,9.4,0.8,5.8,48.4,28.4,6.4,3.4,24.0,14.6,6.8,26.0,10.6,15.4,11.2,5.2,6.0,12.6,11.8,2.4,2.0,0.2,3.2,1.0,3.0,2.2,33.6,30.2,29.6,3.4,0.8,267.2,204.2,1336.4,1.0,41.2,66.4,0.7642215568862275,5.001497005988024,4.024096385542169,3.075301204819277,1:51:22,22:16
OUT,Outlaws,CAN,Cannons,7,3.0,4.0,0.0,-7.0,2022-06-25,2026-07-11,83.0,79.0,75.0,4.0,40.0,265.0,168.0,27.0,15.0,235.0,134.0,47.0,190.0,110.0,79.0,82.0,40.0,42.0,90.0,84.0,17.0,15.0,6.0,16.0,4.0,24.0,16.0,214.0,222.0,215.0,24.0,6.0,1969.0,1570.0,8092.0,6,264.0,423.0,0.42857142857142855,-1.0,0.2981132075471698,0.6339622641509434,0.5789473684210527,0.9684684684684685,11.857142857142858,11.285714285714286,10.714285714285714,0.5714285714285714,5.714285714285714,37.857142857142854,24.0,3.857142857142857,2.142857142857143,33.57142857142857,19.142857142857142,6.714285714285714,27.142857142857142,15.714285714285714,11.285714285714286,11.714285714285714,5.714285714285714,6.0,12.857142857142858,12.0,2.4285714285714284,2.142857142857143,0.8571428571428571,2.2857142857142856,0.5714285714285714,3.4285714285714284,2.2857142857142856,30.571428571428573,31.714285714285715,30.714285714285715,3.4285714285714284,0.8571428571428571,281.2857142857143,224.28571428571428,1348.6666666666667,0.8571428571428571,37.714285714285715,60.42857142857143,0.7973590655154901,4.1097003555104115,4.6548463356974,3.7115839243498816,2:14:52,22:29
OUT,Outlaws,CHA,Chaos,8,3.0,5.0,0.0,-4.0,2022-08-06,2026-07-18,82.0,78.0,74.0,4.0,39.0,322.0,199.0,47.0,23.0,250.0,146.0,57.0,191.0,106.0,85.0,88.0,40.0,48.0,86.0,81.0,24.0,16.5,6.0,15.0,5.0,23.0,17.0,265.0,244.0,240.0,24.0,5.0,2297.0,1829.0,11014.0,8,228.0,492.0,0.375,-0.5,0.2422360248447205,0.6180124223602484,0.5549738219895288,0.9836065573770492,10.25,9.75,9.25,0.5,4.875,40.25,24.875,5.875,2.875,31.25,18.25,7.125,23.875,13.25,10.625,11.0,5.0,6.0,10.75,10.125,3.0,2.0625,0.75,1.875,0.625,2.875,2.125,33.125,30.5,30.0,3.0,0.625,287.125,228.625,1376.75,1.0,28.5,61.5,0.7962559860687853,4.794949934697431,4.66869918699187,3.717479674796748,3:03:34,22:57
OUT,Outlaws,RED,Redwoods,8,6.0,2.0,0.0,31.0,2022-06-10,2026-05-16,106.0,99.0,92.0,7.0,59.0,326.0,197.0,43.0,21.0,241.0,137.0,52.0,199.0,88.0,110.0,99.0,31.0,68.0,75.0,68.0,25.0,18.5,3.0,7.0,4.0,11.0,20.0,232.0,217.0,214.0,23.0,7.0,1988.0,1525.0,10793.0,8,332.0,486.0,0.75,3.875,0.30368098159509205,0.6042944785276073,0.44221105527638194,0.9861751152073732,13.25,12.375,11.5,0.875,7.375,40.75,24.625,5.375,2.625,30.125,17.125,6.5,24.875,11.0,13.75,12.375,3.875,8.5,9.375,8.5,3.125,2.3125,0.375,0.875,0.5,1.375,2.5,29.0,27.125,26.75,2.875,0.875,248.5,190.625,1349.125,1.0,41.5,60.75,0.7671026156941649,5.42907444668008,4.090534979423868,3.1378600823045266,2:59:53,22:29
OUT,Outlaws,WAT,Waterdogs,6,3.0,3.0,0.0,-7.0,2022-06-17,2026-07-26,66.0,62.0,58.0,4.0,34.0,221.0,143.0,21.0,12.0,192.0,109.0,40.0,151.0,83.0,66.0,76.0,26.0,50.0,73.0,66.0,14.0,10.0,5.0,10.0,3.0,13.0,12.0,180.0,194.0,190.0,21.0,7.0,1608.0,1278.0,8112.0,6,261.0,351.0,0.5,-1.1666666666666667,0.28054298642533937,0.6470588235294118,0.5496688741721855,0.979381443298969,11.0,10.333333333333334,9.666666666666666,0.6666666666666666,5.666666666666667,36.833333333333336,23.833333333333332,3.5,2.0,32.0,18.166666666666668,6.666666666666667,25.166666666666668,13.833333333333334,11.0,12.666666666666666,4.333333333333333,8.333333333333334,12.166666666666666,11.0,2.3333333333333335,1.6666666666666667,0.8333333333333334,1.6666666666666667,0.5,2.1666666666666665,2.0,30.0,32.333333333333336,31.666666666666668,3.5,1.1666666666666667,268.0,213.0,1352.0,1.0,43.5,58.5,0.7947761194029851,5.044776119402985,4.581196581196581,3.641025641025641,2:15:12,22:32
OUT,Outlaws,WHP,Whipsnakes,6,3.0,3.0,0.0,-1.0,2022-07-30,2026-06-27,60.0,57.0,54.0,3.0,34.0,208.0,146.0,25.0,19.0,160.0,99.0,43.0,141.0,45.0,95.0,78.0,31.0,47.0,61.0,60.0,9.0,7.5,6.0,12.0,5.0,13.0,10.0,197.0,182.0,180.0,21.0,1.0,1620.0,1313.0,7561.0,6,237.0,328.0,0.5,-0.16666666666666666,0.27403846153846156,0.7019230769230769,0.3191489361702128,0.989010989010989,10.0,9.5,9.0,0.5,5.666666666666667,34.666666666666664,24.333333333333332,4.166666666666667,3.1666666666666665,26.666666666666668,16.5,7.166666666666667,23.5,7.5,15.833333333333334,13.0,5.166666666666667,7.833333333333333,10.166666666666666,10.0,1.5,1.25,1.0,2.0,0.8333333333333334,2.1666666666666665,1.6666666666666667,32.833333333333336,30.333333333333332,30.0,3.5,0.16666666666666666,270.0,218.83333333333334,1260.1666666666667,1.0,39.5,54.666666666666664,0.8104938271604938,4.667283950617284,4.939024390243903,4.003048780487805,2:06:01,21:00
RED,Redwoods,ARC,Archers,8,3.0,5.0,0.0,-10.0,2022-07-01,2026-06-20,77.0,72.0,67.0,5.0,34.0,327.0,182.0,48.0,24.0,225.0,145.0,50.0,184.0,94.0,88.0,105.0,30.0,75.0,87.0,82.0,19.0,13.0,5.0,22.0,7.0,22.0,17.0,243.0,238.0,231.0,37.0,5.0,2163.0,1691.0,11135.0,8,239.0,509.0,0.375,-1.25,0.22018348623853212,0.5565749235474006,0.5108695652173914,0.9705882352941176,9.625,9.0,8.375,0.625,4.25,40.875,22.75,6.0,3.0,28.125,18.125,6.25,23.0,11.75,11.0,13.125,3.75,9.375,10.875,10.25,2.375,1.625,0.625,2.75,0.875,2.75,2.125,30.375,29.75,28.875,4.625,0.625,270.375,211.375,1391.875,1.0,29.875,63.625,0.7817845584835876,5.1479426722145165,4.24950884086444,3.3222003929273085,3:05:35,23:12
RED,Redwoods,ATL,Atlas,7,4.0,3.0,0.0,-7.0,2022-06-04,2026-06-06,91.0,85.0,79.0,6.0,49.0,290.0,181.0,31.0,20.0,215.0,131.0,47.0,206.0,110.0,96.0,82.0,30.0,52.0,98.0,93.0,20.0,15.5,5.0,15.0,7.0,17.0,18.0,207.0,202.0,196.0,21.0,5.0,1679.0,1258.0,9228.0,7,307.0,442.0,0.5714285714285714,-1.0,0.29310344827586204,0.6241379310344828,0.5339805825242718,0.9702970297029703,13.0,12.142857142857142,11.285714285714286,0.8571428571428571,7.0,41.42857142857143,25.857142857142858,4.428571428571429,2.857142857142857,30.714285714285715,18.714285714285715,6.714285714285714,29.428571428571427,15.714285714285714,13.714285714285714,11.714285714285714,4.285714285714286,7.428571428571429,14.0,13.285714285714286,2.857142857142857,2.2142857142857144,0.7142857142857143,2.142857142857143,1.0,2.4285714285714284,2.5714285714285716,29.571428571428573,28.857142857142858,28.0,3.0,0.7142857142857143,239.85714285714286,179.71428571428572,1318.2857142857142,1.0,43.857142857142854,63.142857142857146,0.7492555092316855,5.496128648004765,3.7986425339366514,2.8461538461538463,2:33:48,21:58
RED,Redwoods,CAN,Cannons,6,4.0,2.0,0.0,-2.0,2022-08-06,2026-06-28,80.0,77.0,74.0,3.0,33.0,272.0,168.0,25.0,13.0,235.0,118.0,42.0,180.0,129.0,51.0,78.0,28.0,50.0,82.0,79.0,14.0,10.0,12.0,25.0,5.0,24.0,12.0,173.0,188.0,185.0,31.0,3.0,1762.0,1372.0,8821.0,6,246.0,421.0,0.6666666666666666,-0.3333333333333333,0.28308823529411764,0.6176470588235294,0.7166666666666667,0.9840425531914894,13.333333333333334,12.833333333333334,12.333333333333334,0.5,5.5,45.333333333333336,28.0,4.166666666666667,2.1666666666666665,39.166666666666664,19.666666666666668,7.0,30.0,21.5,8.5,13.0,4.666666666666667,8.333333333333334,13.666666666666666,13.166666666666666,2.3333333333333335,1.6666666666666667,2.0,4.166666666666667,0.8333333333333334,4.0,2.0,28.833333333333332,31.333333333333332,30.833333333333332,5.166666666666667,0.5,293.6666666666667,228.66666666666666,1470.1666666666667,1.0,41.0,70.16666666666667,0.7786606129398411,5.006242905788876,4.185273159144893,3.2589073634204277,2:27:01,24:30
RED,Redwoods,CHA,Chaos,9,5.0,4.0,0.0,11.0,2022-06-18,2026-06-28,109.0,102.0,95.0,7.0,51.0,395.0,255.0,48.0,24.0,298.0,150.0,82.0,230.0,135.0,95.0,103.0,44.0,59.0,98.0,92.0,20.0,17.0,10.0,26.0,5.0,24.0,17.0,259.0,281.0,279.0,44.0,6.0,2716.0,2171.0,13107.0,9,316.0,589.0,0.5555555555555556,1.2222222222222223,0.2582278481012658,0.6455696202531646,0.5869565217391305,0.9928825622775801,12.11111111111111,11.333333333333334,10.555555555555555,0.7777777777777778,5.666666666666667,43.888888888888886,28.333333333333332,5.333333333333333,2.6666666666666665,33.111111111111114,16.666666666666668,9.11111111111111,25.555555555555557,15.0,10.555555555555555,11.444444444444445,4.888888888888889,6.555555555555555,10.88888888888889,10.222222222222221,2.2222222222222223,1.8888888888888888,1.1111111111111112,2.888888888888889,0.5555555555555556,2.6666666666666665,1.8888888888888888,28.77777777777778,31.22222222222222,31.0,4.888888888888889,0.6666666666666666,301.77777777777777,241.22222222222223,1456.3333333333333,1.0,35.111111111111114,65.44444444444444,0.7993372606774669,4.825846833578792,4.611205432937182,3.6859083191850592,3:38:27,24:16
RED,Redwoods,OUT,Outlaws,8,2.0,6.0,0.0,-31.0,2022-06-10,2026-05-16,75.0,68.0,61.0,7.0,32.0,302.0,179.0,57.0,29.0,280.0,151.0,61.0,199.0,110.0,88.0,80.0,31.0,49.0,106.0,99.0,15.0,13.0,4.0,19.0,3.0,20.0,11.0,218.0,233.0,227.0,32.0,7.0,2039.0,1586.0,10148.0,8,326.0,485.0,0.25,-3.875,0.2251655629139073,0.5927152317880795,0.5527638190954773,0.9742489270386266,9.375,8.5,7.625,0.875,4.0,37.75,22.375,7.125,3.625,35.0,18.875,7.625,24.875,13.75,11.0,10.0,3.875,6.125,13.25,12.375,1.875,1.625,0.5,2.375,0.375,2.5,1.375,27.25,29.125,28.375,4.0,0.875,254.875,198.25,1268.5,1.0,40.75,60.625,0.7778322707209416,4.976949485041687,4.204123711340206,3.270103092783505,2:49:08,21:08
RED,Redwoods,WAT,Waterdogs,5,3.0,2.0,0.0,-1.0,2022-08-13,2026-07-10,59.0,55.0,51.0,4.0,29.0,197.0,120.0,31.0,17.0,164.0,87.0,31.0,133.0,64.0,67.0,62.0,23.0,39.0,60.0,58.0,13.0,14.5,2.0,11.0,2.0,10.0,9.0,168.0,157.0,151.0,24.0,2.0,1275.0,991.0,6377.0,5,210.0,308.0,0.6,-0.2,0.27918781725888325,0.6091370558375635,0.48120300751879697,0.9617834394904459,11.8,11.0,10.2,0.8,5.8,39.4,24.0,6.2,3.4,32.8,17.4,6.2,26.6,12.8,13.4,12.4,4.6,7.8,12.0,11.6,2.6,2.9,0.4,2.2,0.4,2.0,1.8,33.6,31.4,30.2,4.8,0.4,255.0,198.2,1275.4,1.0,42.0,61.6,0.7772549019607843,5.001568627450981,4.1396103896103895,3.2175324675324677,1:46:17,21:15
RED,Redwoods,WHP,Whipsnakes,5,1.0,4.0,0.0,-25.0,2022-06-24,2026-07-17,56.0,53.0,50.0,3.0,23.0,205.0,131.0,38.0,23.0,162.0,91.0,40.0,145.0,83.0,61.0,58.0,15.0,43.0,81.0,72.0,10.0,6.5,0.0,5.0,6.0,8.0,9.0,160.0,160.0,158.0,16.0,9.0,1266.0,970.0,6435.0,5,169.0,312.0,0.2,-5.0,0.25853658536585367,0.6390243902439025,0.5724137931034483,0.9875,11.2,10.6,10.0,0.6,4.6,41.0,26.2,7.6,4.6,32.4,18.2,8.0,29.0,16.6,12.2,11.6,3.0,8.6,16.2,14.4,2.0,1.3,0.0,1.0,1.2,1.6,1.8,32.0,32.0,31.6,3.2,1.8,253.2,194.0,1287.0,1.0,33.8,62.4,0.7661927330173776,5.0829383886255926,4.0576923076923075,3.108974358974359,1:47:15,21:27
WAT,Waterdogs,ARC,Archers,7,3.0,4.0,0.0,-9.0,2022-08-21,2026-07-18,90.0,85.0,80.0,5.0,52.0,307.0,213.0,28.0,17.0,222.0,109.0,53.0,205.0,78.0,125.0,79.0,24.0,55.0,99.0,92.0,19.0,14.0,12.0,37.0,7.0,29.0,17.0,215.0,195.0,192.0,16.0,7.0,1890.0,1474.0,9303.0,7,289.0,432.0,0.42857142857142855,-1.2857142857142858,0.2768729641693811,0.6938110749185668,0.3804878048780488,0.9846153846153847,12.857142857142858,12.142857142857142,11.428571428571429,0.7142857142857143,7.428571428571429,43.857142857142854,30.428571428571427,4.0,2.4285714285714284,31.714285714285715,15.571428571428571,7.571428571428571,29.285714285714285,11.142857142857142,17.857142857142858,11.285714285714286,3.4285714285714284,7.857142857142857,14.142857142857142,13.142857142857142,2.7142857142857144,2.0,1.7142857142857142,5.285714285714286,1.0,4.142857142857143,2.4285714285714284,30.714285714285715,27.857142857142858,27.428571428571427,2.2857142857142856,1.0,270.0,210.57142857142858,1329.0,1.0,41.285714285714285,61.714285714285715,0.7798941798941799,4.9222222222222225,4.375,3.412037037037037,2:35:03,22:09
WAT,Waterdogs,ATL,Atlas,8,5.0,3.0,0.0,-3.0,2022-08-06,2026-07-25,112.0,102.0,92.0,10.0,52.0,358.0,234.0,55.0,26.0,240.0,128.0,71.0,239.0,78.0,160.0,107.0,30.0,77.0,115.0,107.0,16.0,12.0,7.0,21.0,5.0,22.0,14.0,257.0,247.0,245.0,15.0,8.0,1951.0,1465.0,10795.0,8,248.0,501.0,0.625,-0.375,0.2849162011173184,0.6536312849162011,0.3263598326359833,0.9919028340080972,14.0,12.75,11.5,1.25,6.5,44.75,29.25,6.875,3.25,30.0,16.0,8.875,29.875,9.75,20.0,13.375,3.75,9.625,14.375,13.375,2.0,1.5,0.875,2.625,0.625,2.75,1.75,32.125,30.875,30.625,1.875,1.0,243.875,183.125,1349.375,1.0,31.0,62.625,0.7508969759097899,5.5330599692465405,3.8942115768463075,2.9241516966067866,2:59:55,22:29
WAT,Waterdogs,CAN,Cannons,9,3.0,6.0,0.0,-21.0,2022-06-05,2026-06-07,100.0,98.0,96.0,2.0,51.0,411.0,254.0,48.0,25.0,291.0,132.0,70.0,241.0,121.0,118.0,105.0,30.0,75.0,121.0,109.0,15.0,12.5,9.0,34.0,5.0,30.0,15.0,266.0,273.0,268.0,21.0,12.0,2342.0,1799.0,12514.0,9,334.0,564.0,0.3333333333333333,-2.3333333333333335,0.2384428223844282,0.6180048661800487,0.5020746887966805,0.9816849816849816,11.11111111111111,10.88888888888889,10.666666666666666,0.2222222222222222,5.666666666666667,45.666666666666664,28.22222222222222,5.333333333333333,2.7777777777777777,32.333333333333336,14.666666666666666,7.777777777777778,26.77777777777778,13.444444444444445,13.11111111111111,11.666666666666666,3.3333333333333335,8.333333333333334,13.444444444444445,12.11111111111111,1.6666666666666667,1.3888888888888888,1.0,3.7777777777777777,0.5555555555555556,3.3333333333333335,1.6666666666666667,29.555555555555557,30.333333333333332,29.77777777777778,2.3333333333333335,1.3333333333333333,260.22222222222223,199.88888888888889,1390.4444444444443,1.0,37.111111111111114,62.666666666666664,0.7681468830059778,5.34329632792485,4.152482269503546,3.1897163120567376,3:28:34,23:10
WAT,Waterdogs,CHA,Chaos,6,4.0,2.0,0.0,16.0,2022-06-25,2026-05-31,71.0,60.0,49.0,11.0,44.0,257.0,160.0,34.0,21.0,192.0,92.0,51.0,137.0,55.0,81.0,79.0,22.0,57.0,55.0,53.0,20.0,14.5,8.0,21.0,8.0,18.0,17.0,182.0,178.0,174.0,18.0,2.0,1727.0,1378.0,8146.0,6,203.0,367.0,0.6666666666666666,2.6666666666666665,0.23346303501945526,0.622568093385214,0.40145985401459855,0.9775280898876404,11.833333333333334,10.0,8.166666666666666,1.8333333333333333,7.333333333333333,42.833333333333336,26.666666666666668,5.666666666666667,3.5,32.0,15.333333333333334,8.5,22.833333333333332,9.166666666666666,13.5,13.166666666666666,3.6666666666666665,9.5,9.166666666666666,8.833333333333334,3.3333333333333335,2.4166666666666665,1.3333333333333333,3.5,1.3333333333333333,3.0,2.8333333333333335,30.333333333333332,29.666666666666668,29.0,3.0,0.3333333333333333,287.8333333333333,229.66666666666666,1357.6666666666667,1.0,33.833333333333336,61.166666666666664,0.7979154603358425,4.7168500289519395,4.705722070844686,3.7547683923705724,2:15:46,22:38
WAT,Waterdogs,OUT,Outlaws,6,3.0,3.0,0.0,7.0,2022-06-17,2026-07-26,73.0,66.0,59.0,7.0,41.0,233.0,148.0,30.0,17.0,198.0,107.0,39.0,151.0,66.0,83.0,73.0,23.0,50.0,66.0,62.0,13.0,9.0,3.0,12.0,5.0,12.0,13.0,194.0,180.0,175.0,21.0,4.0,1547.0,1207.0,8030.0,6,252.0,361.0,0.5,1.1666666666666667,0.2832618025751073,0.6351931330472103,0.4370860927152318,0.9722222222222222,12.166666666666666,11.0,9.833333333333334,1.1666666666666667,6.833333333333333,38.833333333333336,24.666666666666668,5.0,2.8333333333333335,33.0,17.833333333333332,6.5,25.166666666666668,11.0,13.833333333333334,12.166666666666666,3.8333333333333335,8.333333333333334,11.0,10.333333333333334,2.1666666666666665,1.5,0.5,2.0,0.8333333333333334,2.0,2.1666666666666665,32.333333333333336,30.0,29.166666666666668,3.5,0.6666666666666666,257.8333333333333,201.16666666666666,1338.3333333333333,1.0,42.0,60.166666666666664,0.7802197802197802,5.190691661279897,4.285318559556787,3.343490304709141,2:13:50,22:18
WAT,Waterdogs,RED,Redwoods,5,2.0,3.0,0.0,1.0,2022-08-13,2026-07-10,60.0,58.0,56.0,2.0,36.0,214.0,128.0,28.0,14.0,172.0,85.0,29.0,133.0,67.0,64.0,57.0,14.0,43.0,59.0,55.0,12.0,8.0,2.0,9.0,2.0,9.0,10.0,157.0,168.0,164.0,12.0,4.0,1303.0,1004.0,6954.0,5,212.0,311.0,0.4,0.2,0.27102803738317754,0.5981308411214953,0.5037593984962406,0.9761904761904762,12.0,11.6,11.2,0.4,7.2,42.8,25.6,5.6,2.8,34.4,17.0,5.8,26.6,13.4,12.8,11.4,2.8,8.6,11.8,11.0,2.4,1.6,0.4,1.8,0.4,1.8,2.0,31.4,33.6,32.8,2.4,0.8,260.6,200.8,1390.8,1.0,42.4,62.2,0.7705295471987721,5.336914811972371,4.189710610932476,3.2282958199356915,1:55:54,23:11
WAT,Waterdogs,WHP,Whipsnakes,8,4.0,4.0,0.0,-1.0,2022-06-12,2026-05-09,97.0,92.0,87.0,5.0,47.0,340.0,209.0,41.0,19.0,213.0,110.0,57.0,212.0,62.0,148.0,119.0,46.0,73.0,98.0,90.0,14.0,10.5,2.0,12.0,9.0,12.0,13.0,274.0,250.0,248.0,25.0,8.0,2017.0,1567.0,9222.0,7,282.0,475.0,0.5,-0.125,0.27058823529411763,0.6147058823529412,0.29245283018867924,0.992,12.125,11.5,10.875,0.625,5.875,42.5,26.125,5.125,2.375,26.625,13.75,7.125,26.5,7.75,18.5,14.875,5.75,9.125,12.25,11.25,1.75,1.3125,0.25,1.5,1.125,1.5,1.625,34.25,31.25,31.0,3.125,1.0,252.125,195.875,1317.4285714285713,0.875,35.25,59.375,0.7768963807635102,4.572136836886465,4.246315789473684,3.298947368421053,2:33:42,21:57
WHP,Whipsnakes,ARC,Archers,7,2.0,5.0,0.0,-14.0,2022-08-06,2026-07-25,70.0,66.0,62.0,4.0,34.0,300.0,181.0,27.0,13.0,193.0,113.0,39.0,172.0,83.0,87.0,79.0,30.0,49.0,84.0,78.0,15.0,13.0,7.0,21.0,5.0,19.0,12.0,218.0,220.0,215.0,17.0,6.0,1860.0,1447.0,9618.0,7,287.0,430.0,0.2857142857142857,-2.0,0.22,0.6033333333333334,0.48255813953488375,0.9772727272727273,10.0,9.428571428571429,8.857142857142858,0.5714285714285714,4.857142857142857,42.857142857142854,25.857142857142858,3.857142857142857,1.8571428571428572,27.571428571428573,16.142857142857142,5.571428571428571,24.571428571428573,11.857142857142858,12.428571428571429,11.285714285714286,4.285714285714286,7.0,12.0,11.142857142857142,2.142857142857143,1.8571428571428572,1.0,3.0,0.7142857142857143,2.7142857142857144,1.7142857142857142,31.142857142857142,31.428571428571427,30.714285714285715,2.4285714285714284,0.8571428571428571,265.7142857142857,206.71428571428572,1374.0,1.0,41.0,61.42857142857143,0.7779569892473118,5.170967741935484,4.325581395348837,3.3651162790697673,2:40:18,22:54
WHP,Whipsnakes,ATL,Atlas,9,5.0,4.0,0.0,15.0,2022-06-18,2026-06-21,118.0,109.0,100.0,9.0,52.0,384.0,259.0,43.0,26.0,258.0,146.0,53.0,241.0,114.0,126.0,130.0,43.0,87.0,103.0,96.0,11.0,8.5,5.0,20.0,4.0,21.0,9.0,267.0,276.0,267.0,31.0,7.0,2251.0,1721.0,10411.0,8,343.0,561.0,0.5555555555555556,1.6666666666666667,0.2838541666666667,0.6744791666666666,0.4730290456431535,0.967391304347826,13.11111111111111,12.11111111111111,11.11111111111111,1.0,5.777777777777778,42.666666666666664,28.77777777777778,4.777777777777778,2.888888888888889,28.666666666666668,16.22222222222222,5.888888888888889,26.77777777777778,12.666666666666666,14.0,14.444444444444445,4.777777777777778,9.666666666666666,11.444444444444445,10.666666666666666,1.2222222222222223,0.9444444444444444,0.5555555555555556,2.2222222222222223,0.4444444444444444,2.3333333333333335,1.0,29.666666666666668,30.666666666666668,29.666666666666668,3.4444444444444446,0.7777777777777778,250.11111111111111,191.22222222222223,1301.375,0.8888888888888888,38.111111111111114,62.333333333333336,0.7645490892936473,4.625055530875167,4.0124777183600715,3.0677361853832443,2:53:31,21:41
WHP,Whipsnakes,CAN,Cannons,7,4.0,3.0,0.0,9.0,2022-08-21,2026-05-29,91.0,85.0,79.0,6.0,44.0,296.0,184.0,26.0,11.0,250.0,128.0,39.0,185.0,122.0,63.0,74.0,27.0,47.0,82.0,76.0,11.0,6.0,3.0,11.0,4.0,13.0,11.0,197.0,227.0,220.0,37.0,6.0,1830.0,1406.0,10120.0,7,261.0,461.0,0.5714285714285714,1.2857142857142858,0.28716216216216217,0.6216216216216216,0.6594594594594595,0.9691629955947136,13.0,12.142857142857142,11.285714285714286,0.8571428571428571,6.285714285714286,42.285714285714285,26.285714285714285,3.7142857142857144,1.5714285714285714,35.714285714285715,18.285714285714285,5.571428571428571,26.428571428571427,17.428571428571427,9.0,10.571428571428571,3.857142857142857,6.714285714285714,11.714285714285714,10.857142857142858,1.5714285714285714,0.8571428571428571,0.42857142857142855,1.5714285714285714,0.5714285714285714,1.8571428571428572,1.5714285714285714,28.142857142857142,32.42857142857143,31.428571428571427,5.285714285714286,0.8571428571428571,261.42857142857144,200.85714285714286,1445.7142857142858,1.0,37.285714285714285,65.85714285714286,0.7683060109289618,5.530054644808743,3.9696312364425164,3.049891540130152,2:48:40,24:06
WHP,Whipsnakes,CHA,Chaos,7,6.0,1.0,0.0,26.0,2022-06-04,2026-07-12,98.0,94.0,90.0,4.0,37.0,309.0,187.0,24.0,13.0,215.0,106.0,43.0,192.0,104.0,86.0,86.0,32.0,54.0,72.0,70.0,5.0,3.5,5.0,13.0,2.0,12.0,5.0,217.0,212.0,210.0,29.0,2.0,1867.0,1452.0,9615.0,7,272.0,444.0,0.8571428571428571,3.7142857142857144,0.3042071197411003,0.6051779935275081,0.5416666666666666,0.9905660377358491,14.0,13.428571428571429,12.857142857142858,0.5714285714285714,5.285714285714286,44.142857142857146,26.714285714285715,3.4285714285714284,1.8571428571428572,30.714285714285715,15.142857142857142,6.142857142857143,27.428571428571427,14.857142857142858,12.285714285714286,12.285714285714286,4.571428571428571,7.714285714285714,10.285714285714286,10.0,0.7142857142857143,0.5,0.7142857142857143,1.8571428571428572,0.2857142857142857,1.7142857142857142,0.7142857142857143,31.0,30.285714285714285,30.0,4.142857142857143,0.2857142857142857,266.7142857142857,207.42857142857142,1373.5714285714287,1.0,38.857142857142854,63.42857142857143,0.7777182645956079,5.149973219068023,4.204954954954955,3.27027027027027,2:40:15,22:54
WHP,Whipsnakes,OUT,Outlaws,6,3.0,3.0,0.0,1.0,2022-07-30,2026-06-27,61.0,60.0,59.0,1.0,38.0,233.0,149.0,28.0,10.0,220.0,119.0,36.0,141.0,95.0,45.0,82.0,30.0,52.0,60.0,57.0,13.0,9.0,5.0,9.0,6.0,10.0,13.0,182.0,197.0,192.0,38.0,3.0,1655.0,1303.0,8440.0,6,268.0,390.0,0.5,0.16666666666666666,0.2575107296137339,0.6394849785407726,0.6737588652482269,0.9746192893401016,10.166666666666666,10.0,9.833333333333334,0.16666666666666666,6.333333333333333,38.833333333333336,24.833333333333332,4.666666666666667,1.6666666666666667,36.666666666666664,19.833333333333332,6.0,23.5,15.833333333333334,7.5,13.666666666666666,5.0,8.666666666666666,10.0,9.5,2.1666666666666665,1.5,0.8333333333333334,1.5,1.0,1.6666666666666667,2.1666666666666665,30.333333333333332,32.833333333333336,32.0,6.333333333333333,0.5,275.8333333333333,217.16666666666666,1406.6666666666667,1.0,44.666666666666664,65.0,0.7873111782477341,5.099697885196375,4.243589743589744,3.341025641025641,2:20:40,23:27
WHP,Whipsnakes,RED,Redwoods,5,4.0,1.0,0.0,25.0,2022-06-24,2026-07-17,81.0,72.0,63.0,9.0,33.0,210.0,137.0,28.0,16.0,166.0,85.0,35.0,145.0,61.0,83.0,70.0,23.0,47.0,56.0,53.0,8.0,7.0,6.0,12.0,0.0,9.0,8.0,160.0,160.0,156.0,11.0,3.0,1305.0,1010.0,6706.0,5,177.0,306.0,0.8,5.0,0.34285714285714286,0.6523809523809524,0.4206896551724138,0.975,16.2,14.4,12.6,1.8,6.6,42.0,27.4,5.6,3.2,33.2,17.0,7.0,29.0,12.2,16.6,14.0,4.6,9.4,11.2,10.6,1.6,1.4,1.2,2.4,0.0,1.8,1.6,32.0,32.0,31.2,2.2,0.6,261.0,202.0,1341.2,1.0,35.4,61.2,0.7739463601532567,5.1386973180076625,4.264705882352941,3.3006535947712417,1:51:46,22:21
WHP,Whipsnakes,WAT,Waterdogs,8,4.0,4.0,0.0,1.0,2022-06-12,2026-05-09,98.0,90.0,82.0,8.0,50.0,340.0,216.0,42.0,24.0,287.0,158.0,45.0,212.0,148.0,62.0,106.0,43.0,63.0,97.0,92.0,12.0,8.5,9.0,15.0,2.0,13.0,12.0,250.0,274.0,274.0,40.0,5.0,2209.0,1711.0,9911.0,7,313.0,538.0,0.5,0.125,0.2647058823529412,0.6352941176470588,0.6981132075471698,1.0,12.25,11.25,10.25,1.0,6.25,42.5,27.0,5.25,3.0,35.875,19.75,5.625,26.5,18.5,7.75,13.25,5.375,7.875,12.125,11.5,1.5,1.0625,1.125,1.875,0.25,1.625,1.5,31.25,34.25,34.25,5.0,0.625,276.125,213.875,1415.857142857143,0.875,39.125,67.25,0.7745586238116795,4.486645540968764,4.105947955390334,3.180297397769517,2:45:11,23:36
