team_id,team_name,games,seasons,wins,losses,ties,score_margin,first_game_date,last_game_date,scores,goals,one_point_goals,two_point_goals,assists,shots,shots_on_goal,two_point_shots,two_point_shots_on_goal,ground_balls,turnovers,caused_turnovers,faceoffs,faceoffs_won,faceoffs_lost,saves,clean_saves,messy_saves,scores_against,goals_against,num_penalties,pim,power_play_goals,power_play_shots,power_play_goals_against,times_man_up,times_short_handed,ride_attempts,clear_attempts,clears,shot_clock_expirations,two_point_goals_against,touches,total_passes,time_in_possession,time_in_possession_available_game,official_total_possessions,offensive_sequence_proxy,win_pct,score_margin_per_game,shot_pct_calc,shots_on_goal_rate_calc,faceoff_pct_calc,clear_pct_calc,scores_per_game,goals_per_game,one_point_goals_per_game,two_point_goals_per_game,assists_per_game,shots_per_game,shots_on_goal_per_game,two_point_shots_per_game,two_point_shots_on_goal_per_game,ground_balls_per_game,turnovers_per_game,caused_turnovers_per_game,faceoffs_per_game,faceoffs_won_per_game,faceoffs_lost_per_game,saves_per_game,clean_saves_per_game,messy_saves_per_game,scores_against_per_game,goals_against_per_game,num_penalties_per_game,pim_per_game,power_play_goals_per_game,power_play_shots_per_game,power_play_goals_against_per_game,times_man_up_per_game,times_short_handed_per_game,ride_attempts_per_game,clear_attempts_per_game,clears_per_game,shot_clock_expirations_per_game,two_point_goals_against_per_game,touches_per_game,total_passes_per_game,time_in_possession_per_game,time_in_possession_available_game_per_game,official_total_possessions_per_game,offensive_sequence_proxy_per_game,passes_per_touch,seconds_possession_per_touch,touches_per_offensive_sequence_proxy,passes_per_offensive_sequence_proxy,time_in_possession_total_display,time_in_possession_per_game_display,scores_allowed_per_game,goals_allowed_per_game,opponent_shots_per_game,opponent_goal_pct,opponent_sog_rate,save_pct_proxy,profile_context_type,profile_context,profile_sort_order,profile_context_sort,offensive_volume_score,offensive_efficiency_score,ball_movement_score,possession_control_score,defensive_suppression_score,pace_tempo_score,team_style_overall_score,overall_score,overall_style,profile_rank,def_scores_allowed_per_game,def_opponent_shots_per_game,def_opponent_goal_pct,def_save_pct_proxy,net_scores_per_game,time_in_possession_per_game_mmss,possession_pg,pace_label,offensive_profile_label,defensive_profile_label,possession_profile_label,style_summary,sample_size_note,season
WHP,Whipsnakes,44,5.0,26.0,18.0,0.0,56.0,2022-06-04,2026-05-30,551,512,473,39,255,1863,1179,203,101,1434,772,255,1148,659,480,561,199,362,495,466,67,50.5,38,93,19,88,62,1339,1404,1379,183,29,11541,8906,58334.0,42,1702.0,2818,0.5909090909090909,1.2727272727272727,0.274825550187869,0.6328502415458938,0.5740418118466899,0.9821937321937322,12.522727272727273,11.636363636363637,10.75,0.8863636363636364,5.795454545454546,42.34090909090909,26.795454545454547,4.613636363636363,2.2954545454545454,32.59090909090909,17.545454545454547,5.795454545454546,26.09090909090909,14.977272727272727,10.909090909090908,12.75,4.5227272727272725,8.227272727272727,11.25,10.590909090909092,1.5227272727272727,1.1477272727272727,0.8636363636363636,2.1136363636363638,0.4318181818181818,2.0,1.4090909090909092,30.431818181818183,31.90909090909091,31.34090909090909,4.159090909090909,0.6590909090909091,262.29545454545456,202.4090909090909,1388.904761904762,0.9545454545454546,38.68181818181818,64.04545454545455,0.7716835629494845,5.054501343037865,4.095457771469127,3.1603974449964514,16:12:14,23:09,11.25,10.590909090909092,39.79545454545455,0.2661336379211879,0.6213592233009708,0.5462512171372931,Career,Career,0,0,74.82,62.18,30.11,70.65,73.38,77.61,64.29,64.29,64.29408946878186,1.0,11.25,39.79545454545455,0.2661336379211879,0.5462512171372931,1.2727272727272734,23:09,23:09,Above-Average Tempo,Middle Tier,Above-Average Defense,Above-Average Possession,Above-Average Tempo | Middle Tier | Above-Average Defense | Above-Average Possession,,
ATL,Atlas,43,5.0,23.0,20.0,0.0,24.0,2022-06-04,2026-05-30,567,531,495,36,315,1778,1153,222,129,1579,812,286,1199,755,439,591,188,403,543,500,126,86.5,36,99,31,88,116,1309,1382,1354,151,43,11264,8674,57192.0,42,1812.0,2741,0.5348837209302325,0.5581395348837209,0.29865016872890887,0.6484814398200225,0.6296914095079232,0.9797395079594791,13.186046511627907,12.348837209302326,11.511627906976743,0.8372093023255814,7.325581395348837,41.348837209302324,26.813953488372093,5.162790697674419,3.0,36.72093023255814,18.88372093023256,6.651162790697675,27.88372093023256,17.558139534883722,10.209302325581396,13.744186046511627,4.372093023255814,9.372093023255815,12.627906976744185,11.627906976744185,2.9302325581395348,2.011627906976744,0.8372093023255814,2.302325581395349,0.7209302325581395,2.046511627906977,2.697674418604651,30.441860465116278,32.13953488372093,31.488372093023255,3.511627906976744,1.0,261.95348837209303,201.72093023255815,1361.7142857142858,0.9767441860465116,42.13953488372093,63.74418604651163,0.7700639204545454,5.0774147727272725,4.109449106165633,3.164538489602335,15:53:12,22:42,12.627906976744185,11.627906976744185,42.27906976744186,0.27502750275027504,0.6468646864686468,0.541704857928506,Career,Career,0,0,78.54,77.13,69.56,64.79,23.07,65.26,63.56,63.56,63.563687004848504,2.0,12.627906976744185,42.27906976744186,0.27502750275027504,0.541704857928506,0.5581395348837219,22:42,22:42,Above-Average Tempo,Above-Average Offense,Vulnerable Defense,Middle Tier,Above-Average Tempo | Above-Average Offense | Vulnerable Defense | Middle Tier,,
OUT,Outlaws,43,5.0,22.0,21.0,0.0,-1.0,2022-06-05,2026-05-30,482,451,420,31,244,1753,1084,218,119,1308,745,291,1070,533,532,507,191,316,483,450,122,93.0,35,97,35,117,101,1349,1292,1270,134,33,11743,9245,57138.0,42,1610.0,2632,0.5116279069767442,-0.023255813953488372,0.2572732458642327,0.6183685111237878,0.4981308411214953,0.9829721362229102,11.209302325581396,10.488372093023257,9.767441860465116,0.7209302325581395,5.674418604651163,40.76744186046512,25.209302325581394,5.069767441860465,2.7674418604651163,30.41860465116279,17.325581395348838,6.767441860465116,24.88372093023256,12.395348837209303,12.372093023255815,11.790697674418604,4.441860465116279,7.348837209302325,11.232558139534884,10.465116279069768,2.8372093023255816,2.1627906976744184,0.813953488372093,2.255813953488372,0.813953488372093,2.7209302325581395,2.3488372093023258,31.372093023255815,30.046511627906977,29.53488372093023,3.116279069767442,0.7674418604651163,273.09302325581393,215.0,1360.4285714285713,0.9767441860465116,37.44186046511628,61.2093023255814,0.787277527037384,4.865707229839053,4.461626139817629,3.5125379939209727,15:52:18,22:40,11.232558139534884,10.465116279069768,38.16279069767442,0.2742230347349177,0.6258379037172456,0.5297805642633229,Career,Career,0,0,47.17,23.14,55.99,79.82,75.61,68.09,56.03,56.03,56.026993546667214,3.0,11.232558139534884,38.16279069767442,0.2742230347349177,0.5297805642633229,-0.023255813953488413,22:40,22:40,Above-Average Tempo,Poor Offense,Above-Average Defense,Above-Average Possession,Above-Average Tempo | Poor Offense | Above-Average Defense | Above-Average Possession,,
ARC,Archers,43,5.0,25.0,18.0,0.0,39.0,2022-06-05,2026-05-30,515,485,455,30,260,1727,1079,226,125,1373,778,291,1094,529,554,573,173,400,476,441,128,97.5,42,114,45,107,116,1288,1339,1316,147,35,11213,8708,56753.0,43,1685.0,2652,0.5813953488372093,0.9069767441860465,0.280833815865663,0.6247828604516502,0.4835466179159049,0.9828230022404779,11.976744186046512,11.279069767441861,10.581395348837209,0.6976744186046512,6.046511627906977,40.16279069767442,25.093023255813954,5.255813953488372,2.9069767441860463,31.930232558139537,18.093023255813954,6.767441860465116,25.441860465116278,12.30232558139535,12.883720930232558,13.325581395348838,4.023255813953488,9.30232558139535,11.069767441860465,10.255813953488373,2.9767441860465116,2.2674418604651163,0.9767441860465116,2.6511627906976742,1.0465116279069768,2.488372093023256,2.697674418604651,29.953488372093023,31.13953488372093,30.6046511627907,3.4186046511627906,0.813953488372093,260.7674418604651,202.51162790697674,1319.8372093023256,1.0,39.18604651162791,61.674418604651166,0.7765985909212522,5.061357353072327,4.228129713423831,3.2835595776772246,15:45:53,22:00,11.069767441860465,10.255813953488373,42.0,0.2441860465116279,0.6101882613510521,0.5650887573964497,Career,Career,0,0,45.09,50.1,35.38,36.08,79.08,40.95,48.79,48.79,48.785400666914605,4.0,11.069767441860465,42.0,0.2441860465116279,0.5650887573964497,0.9069767441860463,22:00,22:00,Slower Tempo,Middle Tier,Above-Average Defense,Below-Average Possession,Slower Tempo | Middle Tier | Above-Average Defense | Below-Average Possession,,
CAN,Cannons,43,5.0,20.0,23.0,0.0,-2.0,2022-06-05,2026-05-29,546,497,448,49,276,1761,1104,265,140,1262,676,342,1183,443,735,567,200,367,548,524,144,107.5,32,98,50,85,136,1358,1244,1222,106,24,11430,8993,55099.0,42,1595.0,2543,0.46511627906976744,-0.046511627906976744,0.2822260079500284,0.626916524701874,0.37447168216398985,0.9823151125401929,12.69767441860465,11.55813953488372,10.418604651162791,1.1395348837209303,6.4186046511627906,40.95348837209303,25.674418604651162,6.162790697674419,3.255813953488372,29.348837209302324,15.720930232558139,7.953488372093023,27.511627906976745,10.30232558139535,17.093023255813954,13.186046511627907,4.651162790697675,8.534883720930232,12.744186046511627,12.186046511627907,3.3488372093023258,2.5,0.7441860465116279,2.2790697674418605,1.1627906976744187,1.9767441860465116,3.1627906976744184,31.58139534883721,28.930232558139537,28.41860465116279,2.4651162790697674,0.5581395348837209,265.8139534883721,209.13953488372093,1311.8809523809523,0.9767441860465116,37.093023255813954,59.13953488372093,0.7867891513560805,4.8205599300087485,4.494691309476996,3.5363743609909557,15:18:19,21:52,12.744186046511627,12.186046511627907,41.93023255813954,0.2906267332224071,0.6400443704936217,0.5197066911090742,Career,Career,0,0,54.53,75.67,59.96,36.45,11.27,42.44,47.86,47.86,47.85998885039345,5.0,12.744186046511627,41.93023255813954,0.2906267332224071,0.5197066911090742,-0.04651162790697683,21:52,21:52,Slower Tempo,Above-Average Offense,Vulnerable Defense,Below-Average Possession,Slower Tempo | Above-Average Offense | Vulnerable Defense | Below-Average Possession,,
RED,Redwoods,42,5.0,19.0,23.0,0.0,-51.0,2022-06-04,2026-05-16,473,439,405,34,221,1730,1052,248,135,1379,767,311,1096,628,463,483,175,308,524,491,105,85.5,36,113,33,113,87,1238,1265,1235,184,33,11373,8876,56989.0,42,1544.0,2681,0.4523809523809524,-1.2142857142857142,0.253757225433526,0.608092485549133,0.572992700729927,0.9762845849802372,11.261904761904763,10.452380952380953,9.642857142857142,0.8095238095238095,5.261904761904762,41.19047619047619,25.047619047619047,5.904761904761905,3.2142857142857144,32.833333333333336,18.261904761904763,7.404761904761905,26.095238095238095,14.952380952380953,11.023809523809524,11.5,4.166666666666667,7.333333333333333,12.476190476190476,11.69047619047619,2.5,2.0357142857142856,0.8571428571428571,2.6904761904761907,0.7857142857142857,2.6904761904761907,2.0714285714285716,29.476190476190474,30.11904761904762,29.404761904761905,4.380952380952381,0.7857142857142857,270.7857142857143,211.33333333333334,1356.8809523809523,1.0,36.76190476190476,63.833333333333336,0.7804449133913656,5.010903015914886,4.24207385303991,3.3107049608355092,15:49:49,22:37,12.476190476190476,11.69047619047619,39.904761904761905,0.29295942720763724,0.6175417661097852,0.49589322381930184,Career,Career,0,0,58.28,11.62,37.38,79.12,22.4,77.49,44.05,44.05,44.04951134760128,6.0,12.476190476190476,39.904761904761905,0.29295942720763724,0.49589322381930184,-1.2142857142857135,22:37,22:37,Above-Average Tempo,Poor Offense,Vulnerable Defense,Above-Average Possession,Above-Average Tempo | Poor Offense | Vulnerable Defense | Above-Average Possession,,
WAT,Waterdogs,43,5.0,19.0,24.0,0.0,-21.0,2022-06-05,2026-05-31,523,486,449,37,282,1858,1186,232,122,1347,673,334,1155,446,698,541,158,383,544,504,91,65.5,35,122,35,113,82,1380,1323,1301,101,40,11136,8605,56648.0,42,1576.0,2632,0.4418604651162791,-0.4883720930232558,0.26157158234660927,0.6383207750269106,0.38614718614718613,0.983371126228269,12.162790697674419,11.30232558139535,10.44186046511628,0.8604651162790697,6.558139534883721,43.2093023255814,27.58139534883721,5.395348837209302,2.8372093023255816,31.325581395348838,15.651162790697674,7.767441860465116,26.86046511627907,10.372093023255815,16.232558139534884,12.581395348837209,3.6744186046511627,8.906976744186046,12.651162790697674,11.720930232558139,2.116279069767442,1.5232558139534884,0.813953488372093,2.8372093023255816,0.813953488372093,2.627906976744186,1.9069767441860466,32.093023255813954,30.767441860465116,30.25581395348837,2.3488372093023258,0.9302325581395349,258.9767441860465,200.11627906976744,1348.7619047619048,0.9767441860465116,36.651162790697676,61.2093023255814,0.7727191091954023,5.086925287356322,4.231003039513678,3.2693768996960486,15:44:08,22:29,12.651162790697674,11.720930232558139,40.83720930232558,0.2870159453302961,0.6315489749430524,0.5177033492822967,Career,Career,0,0,58.52,52.47,43.75,34.33,20.22,60.69,43.83,43.83,43.82772063117924,7.0,12.651162790697674,40.83720930232558,0.2870159453302961,0.5177033492822967,-0.4883720930232549,22:29,22:29,Balanced Tempo,Middle Tier,Vulnerable Defense,Below-Average Possession,Balanced Tempo | Middle Tier | Vulnerable Defense | Below-Average Possession,,
CHA,Chaos,43,5.0,18.0,25.0,0.0,-44.0,2022-06-04,2026-05-31,467,444,421,23,230,1630,1013,202,107,1226,784,253,1083,492,584,623,240,383,511,469,126,99.0,35,84,41,93,104,1305,1317,1292,138,42,10907,8493,55381.0,43,1462.0,2552,0.4186046511627907,-1.0232558139534884,0.2723926380368098,0.6214723926380368,0.45429362880886426,0.9810174639331815,10.86046511627907,10.325581395348838,9.790697674418604,0.5348837209302325,5.348837209302325,37.906976744186046,23.558139534883722,4.6976744186046515,2.488372093023256,28.511627906976745,18.232558139534884,5.883720930232558,25.186046511627907,11.44186046511628,13.581395348837209,14.488372093023257,5.5813953488372094,8.906976744186046,11.883720930232558,10.906976744186046,2.9302325581395348,2.302325581395349,0.813953488372093,1.9534883720930232,0.9534883720930233,2.1627906976744184,2.4186046511627906,30.348837209302324,30.627906976744185,30.046511627906977,3.2093023255813953,0.9767441860465116,253.65116279069767,197.51162790697674,1287.9302325581396,1.0,34.0,59.348837209302324,0.7786742458971303,5.077564866599432,4.273902821316614,3.3279780564263324,15:23:01,21:28,11.883720930232558,10.906976744186046,43.0,0.253650621957815,0.6268253109789075,0.5705128205128205,Career,Career,0,0,0.85,15.17,2.32,6.26,51.67,0.85,14.07,14.07,14.071871297356534,8.0,11.883720930232558,43.0,0.253650621957815,0.5705128205128205,-1.0232558139534884,21:28,21:28,Very Slow Tempo,Poor Offense,Middle Tier,Poor Possession,Very Slow Tempo | Poor Offense | Middle Tier | Poor Possession,,
OUT,Outlaws,10,,7.0,3.0,0.0,18.0,2022-06-05,2022-08-20,120,117,114,3,70,371,245,19,12,330,168,71,252,139,112,112,37,75,102,96,25,22.5,9,17,4,29,19,278,292,288,23,6,2861,2322,14280.0,10,409.0,562,0.7,1.8,0.31536388140161725,0.660377358490566,0.5515873015873016,0.9863013698630136,12.0,11.7,11.4,0.3,7.0,37.1,24.5,1.9,1.2,33.0,16.8,7.1,25.2,13.9,11.2,11.2,3.7,7.5,10.2,9.6,2.5,2.25,0.9,1.7,0.4,2.9,1.9,27.8,29.2,28.8,2.3,0.6,286.1,232.2,1428.0,1.0,40.9,56.2,0.811604334148899,4.991261796574625,5.090747330960854,4.131672597864768,3:58:00,23:48,10.2,9.6,35.1,0.27350427350427353,0.6438746438746439,0.5384615384615384,Season,2022 Season,100,100,62.46,68.35,86.25,93.67,85.31,68.96,77.57,77.57,77.56542806530527,1.0,10.2,35.1,0.27350427350427353,0.5384615384615384,1.8000000000000007,23:48,23:48,Above-Average Tempo,Above-Average Offense,Elite Defense,Elite Possession,Above-Average Tempo | Above-Average Offense | Elite Defense | Elite Possession,,2022
ARC,Archers,10,,6.0,4.0,0.0,20.0,2022-06-05,2022-08-21,130,123,116,7,75,386,268,39,27,289,146,76,266,101,163,106,26,80,110,105,28,21.5,10,21,11,25,29,277,285,283,16,5,2791,2259,12942.0,10,401.0,548,0.6,2.0,0.31865284974093266,0.694300518134715,0.37969924812030076,0.9929824561403509,13.0,12.3,11.6,0.7,7.5,38.6,26.8,3.9,2.7,28.9,14.6,7.6,26.6,10.1,16.3,10.6,2.6,8.0,11.0,10.5,2.8,2.15,1.0,2.1,1.1,2.5,2.9,27.7,28.5,28.3,1.6,0.5,279.1,225.9,1294.2,1.0,40.1,54.8,0.8093873163740595,4.637047653170907,5.093065693430657,4.122262773722627,3:35:42,21:34,11.0,10.5,38.3,0.2741514360313316,0.6266318537859008,0.5023696682464455,Season,2022 Season,100,100,71.32,100.0,92.38,48.97,63.82,55.37,74.09,74.09,74.09431036882309,2.0,11.0,38.3,0.2741514360313316,0.5023696682464455,2.0,21:34,21:34,Balanced Tempo,Elite Offense,Middle Tier,Middle Tier,Balanced Tempo | Elite Offense | Middle Tier | Middle Tier,,2022
ATL,Atlas,10,,6.0,4.0,0.0,9.0,2022-06-04,2022-08-21,128,115,102,13,72,395,252,52,29,323,177,62,263,166,97,132,30,102,119,109,30,21.5,7,23,9,17,28,263,279,273,25,10,2583,2011,14059.0,10,431.0,597,0.6,0.9,0.2911392405063291,0.6379746835443038,0.6311787072243346,0.978494623655914,12.8,11.5,10.2,1.3,7.2,39.5,25.2,5.2,2.9,32.3,17.7,6.2,26.3,16.6,9.7,13.2,3.0,10.2,11.9,10.9,3.0,2.15,0.7,2.3,0.9,1.7,2.8,26.3,27.9,27.3,2.5,1.0,258.3,201.1,1405.9,1.0,43.1,59.7,0.778552071234998,5.4428958575300035,4.326633165829146,3.3685092127303182,3:54:19,23:26,11.9,10.9,39.1,0.27877237851662406,0.6572890025575447,0.5477178423236515,Season,2022 Season,100,100,68.82,61.85,57.66,63.49,56.4,58.72,61.84,61.84,61.8388393113335,3.0,11.9,39.1,0.27877237851662406,0.5477178423236515,0.9000000000000004,23:26,23:26,Balanced Tempo,Middle Tier,Middle Tier,Middle Tier,Balanced Tempo | Middle Tier | Middle Tier | Middle Tier,,2022
WHP,Whipsnakes,10,,9.0,1.0,0.0,20.0,2022-06-04,2022-08-21,118,111,104,7,59,419,254,41,26,318,176,57,241,151,89,125,40,85,98,90,15,11.5,7,20,5,18,15,280,286,280,30,8,2556,1961,14232.0,10,410.0,625,0.9,2.0,0.2649164677804296,0.6062052505966588,0.6265560165975104,0.9790209790209791,11.8,11.1,10.4,0.7,5.9,41.9,25.4,4.1,2.6,31.8,17.6,5.7,24.1,15.1,8.9,12.5,4.0,8.5,9.8,9.0,1.5,1.15,0.7,2.0,0.5,1.8,1.5,28.0,28.6,28.0,3.0,0.8,255.6,196.1,1423.2,1.0,41.0,62.5,0.7672143974960877,5.568075117370892,4.0896,3.1376,3:57:12,23:43,9.8,9.0,36.8,0.24456521739130435,0.6114130434782609,0.5813953488372093,Season,2022 Season,100,100,65.31,37.02,17.36,62.89,94.69,69.77,57.1,57.1,57.10033654985649,4.0,9.8,36.8,0.24456521739130435,0.5813953488372093,2.0,23:43,23:43,Above-Average Tempo,Low-Output Offense,Elite Defense,Middle Tier,Above-Average Tempo | Low-Output Offense | Elite Defense | Middle Tier,,2022
WAT,Waterdogs,10,,5.0,5.0,0.0,-3.0,2022-06-05,2022-08-21,130,122,114,8,73,440,275,43,25,314,150,78,290,119,167,119,32,87,133,129,24,15.5,8,23,13,22,23,302,284,280,10,4,2544,1954,13742.0,10,411.0,600,0.5,-0.3,0.2772727272727273,0.625,0.4103448275862069,0.9859154929577465,13.0,12.2,11.4,0.8,7.3,44.0,27.5,4.3,2.5,31.4,15.0,7.8,29.0,11.9,16.7,11.9,3.2,8.7,13.3,12.9,2.4,1.55,0.8,2.3,1.3,2.2,2.3,30.2,28.4,28.0,1.0,0.4,254.4,195.4,1374.2,1.0,41.1,60.0,0.7680817610062893,5.401729559748428,4.24,3.256666666666667,3:49:02,22:54,13.3,12.9,38.8,0.3324742268041237,0.6726804123711341,0.4798387096774194,Season,2022 Season,100,100,78.82,73.47,54.79,35.93,25.03,66.59,55.77,55.77,55.76804098077985,5.0,13.3,38.8,0.3324742268041237,0.4798387096774194,-0.3000000000000007,22:54,22:54,Above-Average Tempo,Above-Average Offense,Vulnerable Defense,Below-Average Possession,Above-Average Tempo | Above-Average Offense | Vulnerable Defense | Below-Average Possession,,2022
RED,Redwoods,10,,4.0,6.0,0.0,-10.0,2022-06-04,2022-08-20,114,105,96,9,55,375,235,48,27,281,167,75,263,136,124,92,36,56,124,119,22,19.0,10,24,5,24,19,259,267,258,28,5,2482,1940,12980.0,10,397.0,570,0.4,-1.0,0.28,0.6266666666666667,0.5171102661596958,0.9662921348314607,11.4,10.5,9.6,0.9,5.5,37.5,23.5,4.8,2.7,28.1,16.7,7.5,26.3,13.6,12.4,9.2,3.6,5.6,12.4,11.9,2.2,1.9,1.0,2.4,0.5,2.4,1.9,25.9,26.7,25.8,2.8,0.5,248.2,194.0,1298.0,1.0,39.7,57.0,0.7816277195809831,5.229653505237711,4.3543859649122805,3.4035087719298245,3:36:20,21:38,12.4,11.9,35.6,0.3342696629213483,0.648876404494382,0.43601895734597157,Season,2022 Season,100,100,37.65,37.52,1.16,24.14,38.68,32.31,29.22,29.22,29.21813450661577,6.0,12.4,35.6,0.3342696629213483,0.43601895734597157,-1.0,21:38,21:38,Slower Tempo,Low-Output Offense,Below-Average Defense,Poor Possession,Slower Tempo | Low-Output Offense | Below-Average Defense | Poor Possession,,2022
CAN,Cannons,10,,1.0,9.0,0.0,-29.0,2022-06-05,2022-08-21,111,109,107,2,55,394,255,29,14,301,161,64,281,129,152,132,49,83,140,133,27,19.0,3,23,10,23,26,304,288,283,12,7,2479,1924,12836.0,10,411.0,567,0.1,-2.9,0.2766497461928934,0.6472081218274112,0.45907473309608543,0.9826388888888888,11.1,10.9,10.7,0.2,5.5,39.4,25.5,2.9,1.4,30.1,16.1,6.4,28.1,12.9,15.2,13.2,4.9,8.3,14.0,13.3,2.7,1.9,0.3,2.3,1.0,2.3,2.6,30.4,28.8,28.3,1.2,0.7,247.9,192.4,1283.6,1.0,41.1,56.7,0.7761194029850746,5.17789431222267,4.372134038800706,3.3932980599647267,3:33:56,21:24,14.0,13.3,43.1,0.308584686774942,0.6473317865429234,0.4981132075471698,Season,2022 Season,100,100,37.15,31.3,0.0,16.72,12.13,35.83,21.78,21.78,21.776750649139274,7.0,14.0,43.1,0.308584686774942,0.4981132075471698,-2.9000000000000004,21:24,21:24,Slower Tempo,Low-Output Offense,Vulnerable Defense,Poor Possession,Slower Tempo | Low-Output Offense | Vulnerable Defense | Poor Possession,,2022
CHA,Chaos,10,,2.0,8.0,0.0,-25.0,2022-06-04,2022-08-21,101,97,93,4,58,316,205,38,20,263,176,53,254,108,145,137,61,76,126,118,25,21.0,12,22,9,23,22,290,272,266,24,8,2521,2029,12225.0,10,378.0,516,0.2,-2.5,0.3069620253164557,0.6487341772151899,0.4251968503937008,0.9779411764705882,10.1,9.7,9.3,0.4,5.8,31.6,20.5,3.8,2.0,26.3,17.6,5.3,25.4,10.8,14.5,13.7,6.1,7.6,12.6,11.8,2.5,2.1,1.2,2.2,0.9,2.3,2.2,29.0,27.2,26.6,2.4,0.8,252.1,202.9,1222.5,1.0,37.8,51.6,0.8048393494644982,4.8492661642205475,4.885658914728682,3.932170542635659,3:23:45,20:22,12.6,11.8,42.8,0.2757009345794392,0.6308411214953271,0.5372549019607843,Season,2022 Season,100,100,2.2,21.02,17.04,8.57,37.77,3.3,15.95,15.95,15.95459507898417,8.0,12.6,42.8,0.2757009345794392,0.5372549019607843,-2.5,20:22,20:22,Very Slow Tempo,Poor Offense,Below-Average Defense,Poor Possession,Very Slow Tempo | Poor Offense | Below-Average Defense | Poor Possession,,2022
ARC,Archers,10,,8.0,2.0,0.0,27.0,2023-06-03,2023-08-26,138,128,118,10,67,474,288,59,33,389,180,71,270,176,91,137,42,95,111,102,27,20.5,12,32,9,30,25,295,328,323,43,9,2801,2147,13944.0,10,469.0,697,0.8,2.7,0.270042194092827,0.6075949367088608,0.6518518518518519,0.9847560975609756,13.8,12.8,11.8,1.0,6.7,47.4,28.8,5.9,3.3,38.9,18.0,7.1,27.0,17.6,9.1,13.7,4.2,9.5,11.1,10.2,2.7,2.05,1.2,3.2,0.9,3.0,2.5,29.5,32.8,32.3,4.3,0.9,280.1,214.7,1394.4,1.0,46.9,69.7,0.7665119600142806,4.978222063548732,4.018651362984218,3.0803443328550935,3:52:24,23:14,11.1,10.2,39.6,0.25757575757575757,0.6388888888888888,0.5732217573221757,Season,2023 Season,101,101,95.63,73.91,69.64,87.91,94.18,95.41,85.46,85.46,85.46311165249318,1.0,11.1,39.6,0.25757575757575757,0.5732217573221757,2.700000000000001,23:14,23:14,High Tempo,Above-Average Offense,Elite Defense,Elite Possession,High Tempo | Above-Average Offense | Elite Defense | Elite Possession,,2023
CAN,Cannons,10,,7.0,3.0,0.0,24.0,2023-06-03,2023-08-26,143,130,117,13,82,417,268,53,25,296,149,97,282,46,235,135,37,98,119,113,38,27.5,12,26,14,16,36,325,306,301,28,6,2825,2259,11758.0,9,368.0,594,0.7,2.4,0.3117505995203837,0.6426858513189448,0.16312056737588654,0.9836601307189542,14.3,13.0,11.7,1.3,8.2,41.7,26.8,5.3,2.5,29.6,14.9,9.7,28.2,4.6,23.5,13.5,3.7,9.8,11.9,11.3,3.8,2.75,1.2,2.6,1.4,1.6,3.6,32.5,30.6,30.1,2.8,0.6,282.5,225.9,1306.4444444444443,0.9,36.8,59.4,0.799646017699115,4.16212389380531,4.755892255892256,3.803030303030303,3:15:58,21:46,11.9,11.3,41.4,0.27294685990338163,0.6280193236714976,0.5443548387096774,Season,2023 Season,101,101,71.78,99.54,100.0,55.82,64.43,56.66,76.74,76.74,76.74184009316896,2.0,11.9,41.4,0.27294685990338163,0.5443548387096774,2.4000000000000004,21:46,21:46,Balanced Tempo,Elite Offense,Middle Tier,Middle Tier,Balanced Tempo | Elite Offense | Middle Tier | Middle Tier,,2023
RED,Redwoods,10,,6.0,4.0,0.0,-8.0,2023-06-03,2023-08-26,111,107,103,4,59,423,256,52,28,360,203,68,258,164,94,121,49,72,119,111,25,20.5,12,32,7,32,19,303,311,304,47,8,2824,2198,14060.0,10,452.0,673,0.6,-0.8,0.25295508274231676,0.6052009456264775,0.6356589147286822,0.977491961414791,11.1,10.7,10.3,0.4,5.9,42.3,25.6,5.2,2.8,36.0,20.3,6.8,25.8,16.4,9.4,12.1,4.9,7.2,11.9,11.1,2.5,2.05,1.2,3.2,0.7,3.2,1.9,30.3,31.1,30.4,4.7,0.8,282.4,219.8,1406.0,1.0,45.2,67.3,0.7783286118980169,4.978753541076487,4.196136701337296,3.265973254086181,3:54:20,23:26,11.9,11.1,39.5,0.2810126582278481,0.6050632911392405,0.521551724137931,Season,2023 Season,101,101,67.44,36.18,63.85,93.19,67.71,80.02,66.05,66.05,66.05025741475805,3.0,11.9,39.5,0.2810126582278481,0.521551724137931,-0.8000000000000007,23:26,23:26,High Tempo,Low-Output Offense,Above-Average Defense,Elite Possession,High Tempo | Low-Output Offense | Above-Average Defense | Elite Possession,,2023
CHA,Chaos,10,,5.0,5.0,0.0,4.0,2023-06-04,2023-08-27,120,114,108,6,70,406,250,49,21,325,198,69,258,130,126,150,56,94,116,105,29,20.5,7,20,13,16,25,309,332,330,34,11,2638,2034,13656.0,10,310.0,638,0.5,0.4,0.28078817733990147,0.6157635467980296,0.5038759689922481,0.9939759036144579,12.0,11.4,10.8,0.6,7.0,40.6,25.0,4.9,2.1,32.5,19.8,6.9,25.8,13.0,12.6,15.0,5.6,9.4,11.6,10.5,2.9,2.05,0.7,2.0,1.3,1.6,2.5,30.9,33.2,33.0,3.4,1.1,263.8,203.4,1365.6,1.0,31.0,63.8,0.7710386656557998,5.176648976497346,4.1347962382445145,3.188087774294671,3:47:36,22:46,11.6,10.5,42.2,0.24881516587677724,0.6255924170616114,0.5882352941176471,Season,2023 Season,101,101,51.42,54.13,54.99,53.01,79.6,47.79,57.67,57.67,57.67497112796921,4.0,11.6,42.2,0.24881516587677724,0.5882352941176471,0.40000000000000036,22:46,22:46,Balanced Tempo,Middle Tier,Above-Average Defense,Middle Tier,Balanced Tempo | Middle Tier | Above-Average Defense | Middle Tier,,2023
WAT,Waterdogs,10,,7.0,3.0,0.0,11.0,2023-06-04,2023-08-26,129,117,105,12,74,432,281,50,29,314,149,80,269,72,196,143,41,102,118,112,21,15.0,10,34,8,28,18,354,315,308,16,6,2671,2090,11305.0,9,334.0,597,0.7,1.1,0.2708333333333333,0.6504629629629629,0.26765799256505574,0.9777777777777777,12.9,11.7,10.5,1.2,7.4,43.2,28.1,5.0,2.9,31.4,14.9,8.0,26.9,7.2,19.6,14.3,4.1,10.2,11.8,11.2,2.1,1.5,1.0,3.4,0.8,2.8,1.8,35.4,31.5,30.8,1.6,0.6,267.1,209.0,1256.111111111111,0.9,33.4,59.7,0.7824784724822164,4.2324971920628975,4.474036850921273,3.5008375209380236,3:08:25,20:56,11.8,11.2,44.5,0.251685393258427,0.6224719101123596,0.5607843137254902,Season,2023 Season,101,101,57.54,75.83,66.71,26.21,60.29,41.97,56.59,56.59,56.587569587139036,5.0,11.8,44.5,0.251685393258427,0.5607843137254902,1.0999999999999996,20:56,20:56,Slower Tempo,Above-Average Offense,Middle Tier,Poor Possession,Slower Tempo | Above-Average Offense | Middle Tier | Poor Possession,,2023
WHP,Whipsnakes,10,,4.0,6.0,0.0,0.0,2023-06-04,2023-08-26,128,113,98,15,63,424,264,70,28,330,174,58,273,147,123,136,40,96,128,120,12,10.0,11,24,7,20,11,316,309,306,44,8,2515,1917,10833.0,8,305.0,642,0.4,0.0,0.2665094339622642,0.6226415094339622,0.5384615384615384,0.9902912621359223,12.8,11.3,9.8,1.5,6.3,42.4,26.4,7.0,2.8,33.0,17.4,5.8,27.3,14.7,12.3,13.6,4.0,9.6,12.8,12.0,1.2,1.0,1.1,2.4,0.7,2.0,1.1,31.6,30.9,30.6,4.4,0.8,251.5,191.7,1354.125,0.8,30.5,64.2,0.7622266401590457,4.307355864811133,3.9174454828660434,2.985981308411215,3:00:33,22:34,12.8,12.0,42.5,0.2823529411764706,0.64,0.53125,Season,2023 Season,101,101,52.39,63.57,28.88,33.87,41.24,40.71,44.82,44.82,44.82169191142388,6.0,12.8,42.5,0.2823529411764706,0.53125,0.0,22:34,22:34,Slower Tempo,Middle Tier,Below-Average Defense,Below-Average Possession,Slower Tempo | Middle Tier | Below-Average Defense | Below-Average Possession,,2023
ATL,Atlas,10,,2.0,8.0,0.0,-20.0,2023-06-03,2023-08-26,120,114,108,6,71,400,256,63,40,422,207,54,283,212,70,122,19,103,140,129,26,19.5,7,18,8,16,25,319,334,326,38,11,2582,1975,12771.0,9,438.0,645,0.2,-2.0,0.285,0.64,0.7491166077738516,0.9760479041916168,12.0,11.4,10.8,0.6,7.1,40.0,25.6,6.3,4.0,42.2,20.7,5.4,28.3,21.2,7.0,12.2,1.9,10.3,14.0,12.9,2.6,1.95,0.7,1.8,0.8,1.6,2.5,31.9,33.4,32.6,3.8,1.1,258.2,197.5,1419.0,0.9,43.8,64.5,0.7649109217660728,4.946165762974438,4.003100775193799,3.062015503875969,3:32:51,23:39,14.0,12.9,42.3,0.3049645390070922,0.6359338061465721,0.4860557768924303,Season,2023 Season,101,101,47.67,48.53,48.44,64.73,11.0,46.65,44.37,44.37,44.37167454602709,7.0,14.0,42.3,0.3049645390070922,0.4860557768924303,-2.0,23:39,23:39,Balanced Tempo,Middle Tier,Vulnerable Defense,Middle Tier,Balanced Tempo | Middle Tier | Vulnerable Defense | Middle Tier,,2023
OUT,Outlaws,10,,1.0,9.0,0.0,-38.0,2023-06-04,2023-08-27,81,79,77,2,42,354,220,43,24,294,191,65,229,108,120,120,36,84,119,110,29,21.5,7,21,12,25,24,328,314,311,26,9,2702,2157,11699.0,9,331.0,571,0.1,-3.8,0.2231638418079096,0.6214689265536724,0.47161572052401746,0.9904458598726115,8.1,7.9,7.7,0.2,4.2,35.4,22.0,4.3,2.4,29.4,19.1,6.5,22.9,10.8,12.0,12.0,3.6,8.4,11.9,11.0,2.9,2.15,0.7,2.1,1.2,2.5,2.4,32.8,31.4,31.1,2.6,0.9,270.2,215.7,1299.888888888889,0.9,33.1,57.1,0.7982975573649149,4.329755736491488,4.732049036777584,3.777583187390543,3:14:59,21:40,11.9,11.0,41.0,0.2682926829268293,0.6073170731707317,0.5217391304347826,Season,2023 Season,101,101,12.06,5.52,29.61,47.08,64.77,22.13,29.96,29.96,29.955081592601022,8.0,11.9,41.0,0.2682926829268293,0.5217391304347826,-3.8000000000000007,21:40,21:40,Very Slow Tempo,Poor Offense,Middle Tier,Middle Tier,Very Slow Tempo | Poor Offense | Middle Tier | Middle Tier,,2023
ATL,Atlas,10,,7.0,3.0,0.0,27.0,2024-06-01,2024-08-17,151,145,139,6,83,442,300,45,26,389,177,75,294,176,117,132,56,76,124,109,35,22.0,11,23,8,24,30,314,338,332,37,15,2735,2116,13073.0,10,436.0,656,0.7,2.7,0.32805429864253394,0.6787330316742082,0.5986394557823129,0.9822485207100592,15.1,14.5,13.9,0.6,8.3,44.2,30.0,4.5,2.6,38.9,17.7,7.5,29.4,17.6,11.7,13.2,5.6,7.6,12.4,10.9,3.5,2.2,1.1,2.3,0.8,2.4,3.0,31.4,33.8,33.2,3.7,1.5,273.5,211.6,1307.3,1.0,43.6,65.6,0.7736745886654479,4.779890310786106,4.1692073170731705,3.225609756097561,3:37:53,21:47,12.4,10.9,39.9,0.2731829573934837,0.6691729323308271,0.5477178423236515,Season,2024 Season,102,102,96.96,91.5,100.0,74.17,57.45,86.51,84.51,84.51,84.51245286650192,1.0,12.4,39.9,0.2731829573934837,0.5477178423236515,2.6999999999999993,21:47,21:47,High Tempo,Elite Offense,Middle Tier,Above-Average Possession,High Tempo | Elite Offense | Middle Tier | Above-Average Possession,,2024
CAN,Cannons,10,,7.0,3.0,0.0,11.0,2024-06-01,2024-08-17,126,110,94,16,58,418,251,85,43,305,160,77,258,109,148,129,44,85,115,111,34,24.5,8,29,10,23,30,317,295,291,25,4,2687,2109,13523.0,10,335.0,603,0.7,1.1,0.2631578947368421,0.6004784688995215,0.42248062015503873,0.9864406779661017,12.6,11.0,9.4,1.6,5.8,41.8,25.1,8.5,4.3,30.5,16.0,7.7,25.8,10.9,14.8,12.9,4.4,8.5,11.5,11.1,3.4,2.45,0.8,2.9,1.0,2.3,3.0,31.7,29.5,29.1,2.5,0.4,268.7,210.9,1352.3,1.0,33.5,60.3,0.7848902121324898,5.032750279121697,4.456053067993366,3.4975124378109452,3:45:23,22:32,11.5,11.1,40.7,0.2727272727272727,0.6167076167076168,0.5375,Season,2024 Season,102,102,56.25,58.25,62.18,68.41,66.13,63.08,61.97,61.97,61.97489709609238,2.0,11.5,40.7,0.2727272727272727,0.5375,1.0999999999999996,22:32,22:32,Balanced Tempo,Middle Tier,Above-Average Defense,Above-Average Possession,Balanced Tempo | Middle Tier | Above-Average Defense | Above-Average Possession,,2024
WHP,Whipsnakes,10,,6.0,4.0,0.0,11.0,2024-06-02,2024-08-10,135,126,117,9,55,440,283,44,22,379,189,61,282,175,104,125,46,79,124,118,11,8.0,6,22,0,20,10,329,359,352,41,6,2564,1935,13975.0,10,468.0,670,0.6,1.1,0.2863636363636364,0.6431818181818182,0.6205673758865248,0.9805013927576601,13.5,12.6,11.7,0.9,5.5,44.0,28.3,4.4,2.2,37.9,18.9,6.1,28.2,17.5,10.4,12.5,4.6,7.9,12.4,11.8,1.1,0.8,0.6,2.2,0.0,2.0,1.0,32.9,35.9,35.2,4.1,0.6,256.4,193.5,1397.5,1.0,46.8,67.0,0.7546801872074883,5.450468018720749,3.8268656716417913,2.888059701492537,3:52:55,23:18,12.4,11.8,42.1,0.28028503562945367,0.6104513064133017,0.51440329218107,Season,2024 Season,102,102,78.28,57.76,34.89,77.57,39.12,83.97,60.4,60.4,60.39800973180544,3.0,12.4,42.1,0.28028503562945367,0.51440329218107,1.0999999999999996,23:18,23:18,High Tempo,Middle Tier,Below-Average Defense,Above-Average Possession,High Tempo | Middle Tier | Below-Average Defense | Above-Average Possession,,2024
OUT,Outlaws,10,,5.0,5.0,0.0,-4.0,2024-06-02,2024-08-18,117,105,93,12,54,436,255,69,43,295,162,64,257,123,133,112,27,85,121,112,29,20.5,8,22,10,21,25,313,296,291,41,9,2590,1992,13551.0,10,375.0,639,0.5,-0.4,0.2408256880733945,0.5848623853211009,0.4785992217898833,0.9831081081081081,11.7,10.5,9.3,1.2,5.4,43.6,25.5,6.9,4.3,29.5,16.2,6.4,25.7,12.3,13.3,11.2,2.7,8.5,12.1,11.2,2.9,2.05,0.8,2.2,1.0,2.1,2.5,31.3,29.6,29.1,4.1,0.9,259.0,199.2,1355.1,1.0,37.5,63.9,0.7691119691119691,5.232046332046332,4.05320813771518,3.1173708920187795,3:45:51,22:35,12.1,11.2,39.6,0.2828282828282828,0.5909090909090909,0.5,Season,2024 Season,102,102,59.17,40.92,40.27,60.14,50.15,72.44,51.84,51.84,51.84348590244035,4.0,12.1,39.6,0.2828282828282828,0.5,-0.40000000000000036,22:35,22:35,Above-Average Tempo,Low-Output Offense,Middle Tier,Middle Tier,Above-Average Tempo | Low-Output Offense | Middle Tier | Middle Tier,,2024
WAT,Waterdogs,10,,2.0,8.0,0.0,-12.0,2024-06-01,2024-08-17,111,104,97,7,59,434,277,61,32,301,161,84,255,81,172,128,37,91,123,112,19,13.0,8,26,5,25,19,332,318,314,28,11,2642,2047,13328.0,10,416.0,623,0.2,-1.2,0.23963133640552994,0.6382488479262672,0.3176470588235294,0.9874213836477987,11.1,10.4,9.7,0.7,5.9,43.4,27.7,6.1,3.2,30.1,16.1,8.4,25.5,8.1,17.2,12.8,3.7,9.1,12.3,11.2,1.9,1.3,0.8,2.6,0.5,2.5,1.9,33.2,31.8,31.4,2.8,1.1,264.2,204.7,1332.8,1.0,41.6,62.3,0.7747918243754731,5.044663133989402,4.240770465489566,3.2857142857142856,3:42:08,22:13,12.3,11.2,40.3,0.27791563275434245,0.630272952853598,0.5333333333333333,Season,2024 Season,102,102,53.83,34.46,55.24,50.31,52.71,69.85,50.31,50.31,50.307961213379315,5.0,12.3,40.3,0.27791563275434245,0.5333333333333333,-1.200000000000001,22:13,22:13,Above-Average Tempo,Low-Output Offense,Middle Tier,Middle Tier,Above-Average Tempo | Low-Output Offense | Middle Tier | Middle Tier,,2024
ARC,Archers,10,,6.0,4.0,0.0,9.0,2024-06-01,2024-08-18,129,122,115,7,54,413,247,61,29,332,200,55,272,150,119,147,46,101,120,110,29,23.5,10,30,15,23,27,311,323,318,39,10,2492,1879,13358.0,10,450.0,652,0.6,0.9,0.29539951573849876,0.5980629539951574,0.5514705882352942,0.9845201238390093,12.9,12.2,11.5,0.7,5.4,41.3,24.7,6.1,2.9,33.2,20.0,5.5,27.2,15.0,11.9,14.7,4.6,10.1,12.0,11.0,2.9,2.35,1.0,3.0,1.5,2.3,2.7,31.1,32.3,31.8,3.9,1.0,249.2,187.9,1335.8,1.0,45.0,65.2,0.7540128410914928,5.360353130016051,3.8220858895705523,2.8819018404907975,3:42:38,22:16,12.0,11.0,45.7,0.24070021881838075,0.6148796498905909,0.5719844357976653,Season,2024 Season,102,102,55.67,48.99,24.17,46.88,56.67,52.07,47.68,47.68,47.67574378967242,6.0,12.0,45.7,0.24070021881838075,0.5719844357976653,0.9000000000000004,22:16,22:16,Balanced Tempo,Middle Tier,Middle Tier,Middle Tier,Balanced Tempo | Middle Tier | Middle Tier | Middle Tier,,2024
RED,Redwoods,10,,3.0,7.0,0.0,-32.0,2024-06-07,2024-08-17,104,93,82,11,47,400,235,58,34,326,199,77,258,148,109,124,42,82,136,125,25,19.5,7,25,8,25,19,324,304,298,50,11,2679,2080,12998.0,10,395.0,649,0.3,-3.2,0.2325,0.5875,0.5736434108527132,0.9802631578947368,10.4,9.3,8.2,1.1,4.7,40.0,23.5,5.8,3.4,32.6,19.9,7.7,25.8,14.8,10.9,12.4,4.2,8.2,13.6,12.5,2.5,1.95,0.7,2.5,0.8,2.5,1.9,32.4,30.4,29.8,5.0,1.1,267.9,208.0,1299.8,1.0,39.5,64.9,0.7764091078760732,4.851810377006346,4.12788906009245,3.204930662557781,3:36:38,21:40,13.6,12.5,43.5,0.28735632183908044,0.6114942528735632,0.4979919678714859,Season,2024 Season,102,102,43.76,4.03,43.93,63.15,9.02,56.6,33.85,33.85,33.8475417980542,7.0,13.6,43.5,0.28735632183908044,0.4979919678714859,-3.1999999999999993,21:40,21:40,Balanced Tempo,Poor Offense,Vulnerable Defense,Middle Tier,Balanced Tempo | Poor Offense | Vulnerable Defense | Middle Tier,,2024
CHA,Chaos,10,,4.0,6.0,0.0,-10.0,2024-06-02,2024-08-17,100,95,90,5,43,377,226,46,24,276,171,59,238,88,148,138,46,92,110,103,34,28.0,7,18,9,24,25,294,301,297,30,7,2392,1844,12680.0,10,374.0,578,0.4,-1.0,0.2519893899204244,0.5994694960212201,0.3697478991596639,0.9867109634551495,10.0,9.5,9.0,0.5,4.3,37.7,22.6,4.6,2.4,27.6,17.1,5.9,23.8,8.8,14.8,13.8,4.6,9.2,11.0,10.3,3.4,2.8,0.7,1.8,0.9,2.4,2.5,29.4,30.1,29.7,3.0,0.7,239.2,184.4,1268.0,1.0,37.4,57.8,0.7709030100334449,5.301003344481606,4.13840830449827,3.190311418685121,3:31:20,21:08,11.0,10.3,44.2,0.2330316742081448,0.5972850678733032,0.5726141078838174,Season,2024 Season,102,102,0.0,23.33,0.0,3.44,81.15,0.0,19.89,19.89,19.891309879665286,8.0,11.0,44.2,0.2330316742081448,0.5726141078838174,-1.0,21:08,21:08,Very Slow Tempo,Poor Offense,Elite Defense,Poor Possession,Very Slow Tempo | Poor Offense | Elite Defense | Poor Possession,,2024
OUT,Outlaws,10,,7.0,3.0,0.0,18.0,2025-05-31,2025-08-02,131,119,107,12,58,455,282,70,29,321,181,70,262,133,127,127,70,57,113,105,30,22.0,9,29,7,34,24,336,304,295,38,8,2826,2190,13482.0,10,372.0,674,0.7,1.8,0.26153846153846155,0.6197802197802198,0.5076335877862596,0.9703947368421053,13.1,11.9,10.7,1.2,5.8,45.5,28.2,7.0,2.9,32.1,18.1,7.0,26.2,13.3,12.7,12.7,7.0,5.7,11.3,10.5,3.0,2.2,0.9,2.9,0.7,3.4,2.4,33.6,30.4,29.5,3.8,0.8,282.6,219.0,1348.2,1.0,37.2,67.4,0.7749469214437368,4.770700636942675,4.192878338278931,3.249258160237389,3:44:42,22:28,11.3,10.5,36.9,0.2845528455284553,0.6856368563685636,0.5474137931034483,Season,2025 Season,103,103,94.62,60.84,61.5,78.92,72.57,93.14,75.68,75.68,75.6806225350014,1.0,11.3,36.9,0.2845528455284553,0.5474137931034483,1.799999999999999,22:28,22:28,High Tempo,Middle Tier,Above-Average Defense,Above-Average Possession,High Tempo | Middle Tier | Above-Average Defense | Above-Average Possession,,2025
ATL,Atlas,10,,7.0,3.0,0.0,17.0,2025-05-30,2025-08-09,137,130,123,7,79,428,269,44,21,355,195,76,281,158,120,152,61,91,120,114,26,17.5,10,29,5,25,24,310,336,331,45,6,2669,2046,13623.0,10,368.0,668,0.7,1.7,0.3037383177570093,0.6285046728971962,0.5622775800711743,0.9851190476190477,13.7,13.0,12.3,0.7,7.9,42.8,26.9,4.4,2.1,35.5,19.5,7.6,28.1,15.8,12.0,15.2,6.1,9.1,12.0,11.4,2.6,1.75,1.0,2.9,0.5,2.5,2.4,31.0,33.6,33.1,4.5,0.6,266.9,204.6,1362.3,1.0,36.8,66.8,0.766579243162233,5.104158860996628,3.995508982035928,3.062874251497006,3:47:03,22:42,12.0,11.4,46.3,0.24622030237580994,0.6198704103671706,0.5714285714285714,Season,2025 Season,103,103,85.76,79.7,84.57,72.41,50.27,74.61,74.9,74.9,74.89632822056572,2.0,12.0,46.3,0.24622030237580994,0.5714285714285714,1.6999999999999993,22:42,22:42,Above-Average Tempo,Above-Average Offense,Middle Tier,Above-Average Possession,Above-Average Tempo | Above-Average Offense | Middle Tier | Above-Average Possession,,2025
RED,Redwoods,10,,5.0,5.0,0.0,-4.0,2025-05-31,2025-08-08,126,116,106,10,49,445,279,74,40,340,166,76,276,157,118,119,38,81,130,121,28,24.0,6,27,11,27,25,296,323,317,48,9,2797,2186,14102.0,10,219.0,659,0.5,-0.4,0.2606741573033708,0.6269662921348315,0.5688405797101449,0.9814241486068112,12.6,11.6,10.6,1.0,4.9,44.5,27.9,7.4,4.0,34.0,16.6,7.6,27.6,15.7,11.8,11.9,3.8,8.1,13.0,12.1,2.8,2.4,0.6,2.7,1.1,2.7,2.5,29.6,32.3,31.7,4.8,0.9,279.7,218.6,1410.2,1.0,21.9,65.9,0.7815516624955309,5.041830532713622,4.244309559939302,3.3171471927162366,3:55:02,23:30,13.0,12.1,40.8,0.2965686274509804,0.6299019607843137,0.49583333333333335,Season,2025 Season,103,103,83.46,55.7,43.57,97.05,28.82,91.76,64.63,64.63,64.63457574593845,3.0,13.0,40.8,0.2965686274509804,0.49583333333333335,-0.40000000000000036,23:30,23:30,High Tempo,Middle Tier,Vulnerable Defense,Elite Possession,High Tempo | Middle Tier | Vulnerable Defense | Elite Possession,,2025
WHP,Whipsnakes,10,,4.0,6.0,0.0,11.0,2025-05-31,2025-08-09,119,112,105,7,53,411,267,37,20,303,170,55,255,146,107,123,49,74,108,105,19,12.0,7,14,5,18,18,302,335,329,50,3,2729,2148,13780.0,10,354.0,631,0.4,1.1,0.2725060827250608,0.6496350364963503,0.5725490196078431,0.982089552238806,11.9,11.2,10.5,0.7,5.3,41.1,26.7,3.7,2.0,30.3,17.0,5.5,25.5,14.6,10.7,12.3,4.9,7.4,10.8,10.5,1.9,1.2,0.7,1.4,0.5,1.8,1.8,30.2,33.5,32.9,5.0,0.3,272.9,214.8,1378.0,1.0,35.4,63.1,0.7871015023818249,5.049468669842433,4.324881141045958,3.404120443740095,3:49:40,22:58,10.8,10.5,38.7,0.2713178294573643,0.6227390180878553,0.5394736842105263,Season,2025 Season,103,103,60.42,55.56,45.74,82.77,76.05,66.71,64.31,64.31,64.31304763615086,4.0,10.8,38.7,0.2713178294573643,0.5394736842105263,1.0999999999999996,22:58,22:58,Above-Average Tempo,Middle Tier,Above-Average Defense,Elite Possession,Above-Average Tempo | Middle Tier | Above-Average Defense | Elite Possession,,2025
WAT,Waterdogs,10,,4.0,6.0,0.0,-3.0,2025-06-07,2025-08-09,124,118,112,6,59,423,278,55,27,315,167,72,268,132,133,112,39,73,127,112,20,17.0,7,25,6,26,16,308,325,319,37,15,2448,1858,14011.0,10,298.0,627,0.4,-0.3,0.2789598108747045,0.6572104018912529,0.4925373134328358,0.9815384615384616,12.4,11.8,11.2,0.6,5.9,42.3,27.8,5.5,2.7,31.5,16.7,7.2,26.8,13.2,13.3,11.2,3.9,7.3,12.7,11.2,2.0,1.7,0.7,2.5,0.6,2.6,1.6,30.8,32.5,31.9,3.7,1.5,244.8,185.8,1401.1,1.0,29.8,62.7,0.7589869281045751,5.7234477124183005,3.9043062200956937,2.963317384370016,3:53:31,23:21,12.7,11.2,39.9,0.2807017543859649,0.5914786967418546,0.5,Season,2025 Season,103,103,55.57,61.6,27.1,56.7,39.28,55.37,49.48,49.48,49.479621981061634,5.0,12.7,39.9,0.2807017543859649,0.5,-0.29999999999999893,23:21,23:21,Balanced Tempo,Middle Tier,Below-Average Defense,Middle Tier,Balanced Tempo | Middle Tier | Below-Average Defense | Middle Tier,,2025
CAN,Cannons,10,,4.0,6.0,0.0,-11.0,2025-05-31,2025-08-09,127,115,103,12,63,415,258,71,41,263,156,81,284,120,162,133,56,77,138,133,34,27.5,8,15,12,19,33,325,273,268,33,5,2621,2050,12981.0,10,350.0,604,0.4,-1.1,0.27710843373493976,0.6216867469879518,0.4225352112676056,0.9816849816849816,12.7,11.5,10.3,1.2,6.3,41.5,25.8,7.1,4.1,26.3,15.6,8.1,28.4,12.0,16.2,13.3,5.6,7.7,13.8,13.3,3.4,2.75,0.8,1.5,1.2,1.9,3.3,32.5,27.3,26.8,3.3,0.5,262.1,205.0,1298.1,1.0,35.0,60.4,0.7821442197634491,4.952689813048455,4.339403973509934,3.3940397350993377,3:36:21,21:38,13.8,13.3,42.5,0.3129411764705882,0.6752941176470588,0.5,Season,2025 Season,103,103,58.71,67.42,53.53,40.52,10.76,47.17,47.03,47.03,47.02742144669465,6.0,13.8,42.5,0.3129411764705882,0.5,-1.1000000000000014,21:38,21:38,Balanced Tempo,Above-Average Offense,Vulnerable Defense,Below-Average Possession,Balanced Tempo | Above-Average Offense | Vulnerable Defense | Below-Average Possession,,2025
CHA,Chaos,10,,5.0,5.0,0.0,-15.0,2025-05-30,2025-08-09,110,103,96,7,53,413,255,53,33,278,193,57,257,129,126,154,61,93,125,114,28,19.5,7,18,7,23,24,323,310,303,41,11,2617,2011,12786.0,10,263.0,647,0.5,-1.5,0.24939467312348668,0.6174334140435835,0.5019455252918288,0.9774193548387097,11.0,10.3,9.6,0.7,5.3,41.3,25.5,5.3,3.3,27.8,19.3,5.7,25.7,12.9,12.6,15.4,6.1,9.3,12.5,11.4,2.8,1.95,0.7,1.8,0.7,2.3,2.4,32.3,31.0,30.3,4.1,1.1,261.7,201.1,1278.6,1.0,26.3,64.7,0.7684371417653802,4.885747038593809,4.044822256568779,3.108191653786708,3:33:06,21:19,12.5,11.4,43.3,0.2632794457274827,0.648960739030023,0.5746268656716418,Season,2025 Season,103,103,51.49,14.87,32.59,41.31,48.41,52.77,38.83,38.83,38.831862150912386,7.0,12.5,43.3,0.2632794457274827,0.5746268656716418,-1.5,21:19,21:19,Balanced Tempo,Poor Offense,Middle Tier,Below-Average Possession,Balanced Tempo | Poor Offense | Middle Tier | Below-Average Possession,,2025
ARC,Archers,10,,4.0,6.0,0.0,-13.0,2025-05-31,2025-08-09,98,92,86,6,53,353,219,51,29,266,192,66,231,73,155,146,46,100,111,101,29,19.5,6,17,7,17,25,321,315,307,30,10,2336,1791,12747.0,10,246.0,575,0.4,-1.3,0.26062322946175637,0.6203966005665722,0.31601731601731603,0.9746031746031746,9.8,9.2,8.6,0.6,5.3,35.3,21.9,5.1,2.9,26.6,19.2,6.6,23.1,7.3,15.5,14.6,4.6,10.0,11.1,10.1,2.9,1.95,0.6,1.7,0.7,1.7,2.5,32.1,31.5,30.7,3.0,1.0,233.6,179.1,1274.7,1.0,24.6,57.5,0.766695205479452,5.456763698630137,4.062608695652174,3.114782608695652,3:32:27,21:15,11.1,10.1,45.9,0.22004357298474944,0.5773420479302832,0.5910931174089069,Season,2025 Season,103,103,0.0,7.31,7.33,0.0,72.06,0.0,15.61,15.61,15.606833792989393,8.0,11.1,45.9,0.22004357298474944,0.5910931174089069,-1.299999999999999,21:15,21:15,Very Slow Tempo,Poor Offense,Above-Average Defense,Poor Possession,Very Slow Tempo | Poor Offense | Above-Average Defense | Poor Possession,,2025
WHP,Whipsnakes,4,,3.0,1.0,0.0,14.0,2026-05-09,2026-05-30,51,50,49,1,25,169,111,11,5,104,63,24,97,40,57,52,24,28,37,33,10,9.0,7,13,2,12,8,112,115,112,18,4,1177,945,5514.0,4,165.0,250,0.75,3.5,0.2958579881656805,0.6568047337278107,0.41237113402061853,0.9739130434782609,12.75,12.5,12.25,0.25,6.25,42.25,27.75,2.75,1.25,26.0,15.75,6.0,24.25,10.0,14.25,13.0,6.0,7.0,9.25,8.25,2.5,2.25,1.75,3.25,0.5,3.0,2.0,28.0,28.75,28.0,4.5,1.0,294.25,236.25,1378.5,1.0,41.25,62.5,0.8028887000849617,4.684791843670348,4.708,3.78,1:31:54,22:58,9.25,8.25,37.5,0.22,0.62,0.611764705882353,Season,2026 Season,104,104,84.29,93.04,94.7,71.17,79.96,79.22,84.26,84.26,84.26047749704955,1.0,9.25,37.5,0.22,0.611764705882353,3.5,22:58,22:58,Above-Average Tempo,Elite Offense,Above-Average Defense,Above-Average Possession,Above-Average Tempo | Elite Offense | Above-Average Defense | Above-Average Possession,,2026
RED,Redwoods,2,,1.0,1.0,0.0,3.0,2026-05-09,2026-05-16,18,18,18,0,11,87,47,16,6,72,32,15,41,23,18,27,10,17,15,15,5,2.5,1,5,2,5,5,56,60,58,11,0,591,472,2849.0,2,81.0,130,0.5,1.5,0.20689655172413793,0.5402298850574713,0.5609756097560976,0.9666666666666667,9.0,9.0,9.0,0.0,5.5,43.5,23.5,8.0,3.0,36.0,16.0,7.5,20.5,11.5,9.0,13.5,5.0,8.5,7.5,7.5,2.5,1.25,0.5,2.5,1.0,2.5,2.5,28.0,30.0,29.0,5.5,0.0,295.5,236.0,1424.5,1.0,40.5,65.0,0.7986463620981388,4.820642978003384,4.546153846153846,3.6307692307692307,47:29,23:44,7.5,7.5,41.0,0.18292682926829268,0.5121951219512195,0.6428571428571429,Season,2026 Season,104,104,73.38,41.43,86.15,98.24,90.32,93.68,77.78,77.78,77.77542548723815,2.0,7.5,41.0,0.18292682926829268,0.6428571428571429,1.5,23:44,23:44,High Tempo,Low-Output Offense,Elite Defense,Elite Possession,High Tempo | Low-Output Offense | Elite Defense | Elite Possession,Early-season sample.,2026
OUT,Outlaws,3,,2.0,1.0,0.0,5.0,2026-05-09,2026-05-30,33,31,29,2,20,137,82,17,11,68,43,21,70,30,40,36,21,15,28,27,9,6.5,2,8,2,8,9,94,86,85,6,1,764,584,4126.0,3,123.0,186,0.6666666666666666,1.6666666666666667,0.22627737226277372,0.5985401459854015,0.42857142857142855,0.9883720930232558,11.0,10.333333333333334,9.666666666666666,0.6666666666666666,6.666666666666667,45.666666666666664,27.333333333333332,5.666666666666667,3.6666666666666665,22.666666666666668,14.333333333333334,7.0,23.333333333333332,10.0,13.333333333333334,12.0,7.0,5.0,9.333333333333334,9.0,3.0,2.1666666666666665,0.6666666666666666,2.6666666666666665,0.6666666666666666,2.6666666666666665,3.0,31.333333333333332,28.666666666666668,28.333333333333332,2.0,0.3333333333333333,254.66666666666666,194.66666666666666,1375.3333333333333,1.0,41.0,62.0,0.7643979057591623,5.400523560209424,4.10752688172043,3.139784946236559,1:08:46,22:55,9.333333333333334,9.0,38.333333333333336,0.23478260869565218,0.5652173913043478,0.5714285714285714,Season,2026 Season,104,104,67.97,66.44,70.14,44.7,71.1,68.99,64.45,64.45,64.44900184346744,3.0,9.333333333333334,38.333333333333336,0.23478260869565218,0.5714285714285714,1.666666666666666,22:55,22:55,Above-Average Tempo,Above-Average Offense,Above-Average Defense,Below-Average Possession,Above-Average Tempo | Above-Average Offense | Above-Average Defense | Below-Average Possession,,2026
CAN,Cannons,3,,1.0,2.0,0.0,3.0,2026-05-15,2026-05-29,39,33,27,6,18,117,72,27,17,97,50,23,78,39,38,38,14,24,36,34,11,9.0,1,5,4,4,11,87,82,79,8,2,818,651,4001.0,3,131.0,175,0.3333333333333333,1.0,0.28205128205128205,0.6153846153846154,0.5,0.9634146341463414,13.0,11.0,9.0,2.0,6.0,39.0,24.0,9.0,5.666666666666667,32.333333333333336,16.666666666666668,7.666666666666667,26.0,13.0,12.666666666666666,12.666666666666666,4.666666666666667,8.0,12.0,11.333333333333334,3.6666666666666665,3.0,0.3333333333333333,1.6666666666666667,1.3333333333333333,1.3333333333333333,3.6666666666666665,29.0,27.333333333333332,26.333333333333332,2.6666666666666665,0.6666666666666666,272.6666666666667,217.0,1333.6666666666667,1.0,43.666666666666664,58.333333333333336,0.7958435207823961,4.89119804400978,4.674285714285714,3.72,1:06:41,22:14,12.0,11.333333333333334,42.0,0.2698412698412698,0.6111111111111112,0.5277777777777778,Season,2026 Season,104,104,60.78,85.16,77.09,58.96,37.01,44.91,62.71,62.71,62.70599412996507,4.0,12.0,42.0,0.2698412698412698,0.5277777777777778,1.0,22:14,22:14,Slower Tempo,Elite Offense,Below-Average Defense,Middle Tier,Slower Tempo | Elite Offense | Below-Average Defense | Middle Tier,,2026
WAT,Waterdogs,3,,1.0,2.0,0.0,-14.0,2026-05-09,2026-05-31,29,25,21,4,17,129,75,23,9,103,46,20,73,42,30,39,9,30,43,39,7,5.0,2,14,3,12,6,84,81,80,10,4,831,656,4262.0,3,117.0,185,0.3333333333333333,-4.666666666666667,0.1937984496124031,0.5813953488372093,0.5753424657534246,0.9876543209876543,9.666666666666666,8.333333333333334,7.0,1.3333333333333333,5.666666666666667,43.0,25.0,7.666666666666667,3.0,34.333333333333336,15.333333333333334,6.666666666666667,24.333333333333332,14.0,10.0,13.0,3.0,10.0,14.333333333333334,13.0,2.3333333333333335,1.6666666666666667,0.6666666666666666,4.666666666666667,1.0,4.0,2.0,28.0,27.0,26.666666666666668,3.3333333333333335,1.3333333333333333,277.0,218.66666666666666,1420.6666666666667,1.0,39.0,61.666666666666664,0.789410348977136,5.128760529482551,4.491891891891892,3.545945945945946,1:11:02,23:41,14.333333333333334,13.0,40.333333333333336,0.32231404958677684,0.6694214876033058,0.5,Season,2026 Season,104,104,61.14,37.79,75.2,86.3,16.94,74.15,56.07,56.07,56.070292713350945,5.0,14.333333333333334,40.333333333333336,0.32231404958677684,0.5,-4.666666666666668,23:41,23:41,Above-Average Tempo,Low-Output Offense,Vulnerable Defense,Elite Possession,Above-Average Tempo | Low-Output Offense | Vulnerable Defense | Elite Possession,,2026
CHA,Chaos,3,,2.0,1.0,0.0,2.0,2026-05-09,2026-05-31,36,35,34,1,6,118,77,16,9,84,46,15,76,37,39,44,16,28,34,29,10,10.0,2,6,3,7,8,89,102,96,9,5,739,575,4034.0,3,137.0,173,0.6666666666666666,0.6666666666666666,0.2966101694915254,0.652542372881356,0.4868421052631579,0.9411764705882353,12.0,11.666666666666666,11.333333333333334,0.3333333333333333,2.0,39.333333333333336,25.666666666666668,5.333333333333333,3.0,28.0,15.333333333333334,5.0,25.333333333333332,12.333333333333334,13.0,14.666666666666666,5.333333333333333,9.333333333333334,11.333333333333334,9.666666666666666,3.3333333333333335,3.3333333333333335,0.6666666666666666,2.0,1.0,2.3333333333333335,2.6666666666666665,29.666666666666668,34.0,32.0,3.0,1.6666666666666667,246.33333333333334,191.66666666666666,1344.6666666666667,1.0,45.666666666666664,57.666666666666664,0.7780784844384303,5.45872801082544,4.271676300578035,3.3236994219653178,1:07:14,22:25,11.333333333333334,9.666666666666666,41.333333333333336,0.23387096774193547,0.6451612903225806,0.6027397260273972,Season,2026 Season,104,104,45.87,85.9,11.3,40.68,55.56,32.51,48.35,48.35,48.35211497118447,6.0,11.333333333333334,41.333333333333336,0.23387096774193547,0.6027397260273972,0.6666666666666661,22:25,22:25,Slower Tempo,Elite Offense,Middle Tier,Below-Average Possession,Slower Tempo | Elite Offense | Middle Tier | Below-Average Possession,,2026
ARC,Archers,3,,1.0,2.0,0.0,-4.0,2026-05-09,2026-05-30,20,20,20,0,11,101,57,16,7,97,60,23,55,29,26,37,13,24,24,23,15,12.5,4,14,3,12,10,84,88,85,19,1,793,632,3762.0,3,119.0,180,0.3333333333333333,-1.3333333333333333,0.19801980198019803,0.5643564356435643,0.5272727272727272,0.9659090909090909,6.666666666666667,6.666666666666667,6.666666666666667,0.0,3.6666666666666665,33.666666666666664,19.0,5.333333333333333,2.3333333333333335,32.333333333333336,20.0,7.666666666666667,18.333333333333332,9.666666666666666,8.666666666666666,12.333333333333334,4.333333333333333,8.0,8.0,7.666666666666667,5.0,4.166666666666667,1.3333333333333333,4.666666666666667,1.0,4.0,3.3333333333333335,28.0,29.333333333333332,28.333333333333332,6.333333333333333,0.3333333333333333,264.3333333333333,210.66666666666666,1254.0,1.0,39.666666666666664,60.0,0.7969735182849937,4.7440100882723835,4.405555555555556,3.511111111111111,1:02:42,20:54,8.0,7.666666666666667,37.0,0.2072072072072072,0.5675675675675675,0.6166666666666667,Season,2026 Season,104,104,16.6,5.11,44.38,42.66,90.84,24.09,37.25,37.25,37.24902159868975,7.0,8.0,37.0,0.2072072072072072,0.6166666666666667,-1.333333333333333,20:54,20:54,Very Slow Tempo,Poor Offense,Elite Defense,Below-Average Possession,Very Slow Tempo | Poor Offense | Elite Defense | Below-Average Possession,,2026
ATL,Atlas,3,,1.0,2.0,0.0,-9.0,2026-05-09,2026-05-30,31,27,23,4,10,113,76,18,13,90,56,19,78,43,35,53,22,31,40,39,9,6.0,1,6,1,6,9,103,95,92,6,1,695,526,3666.0,3,139.0,175,0.3333333333333333,-3.0,0.23893805309734514,0.672566371681416,0.5512820512820513,0.968421052631579,10.333333333333334,9.0,7.666666666666667,1.3333333333333333,3.3333333333333335,37.666666666666664,25.333333333333332,6.0,4.333333333333333,30.0,18.666666666666668,6.333333333333333,26.0,14.333333333333334,11.666666666666666,17.666666666666668,7.333333333333333,10.333333333333334,13.333333333333334,13.0,3.0,2.0,0.3333333333333333,2.0,0.3333333333333333,2.0,3.0,34.333333333333336,31.666666666666668,30.666666666666668,2.0,0.3333333333333333,231.66666666666666,175.33333333333334,1222.0,1.0,46.333333333333336,58.333333333333336,0.7568345323741007,5.2748201438848925,3.9714285714285715,3.005714285714286,1:01:06,20:22,13.333333333333334,13.0,47.333333333333336,0.2746478873239437,0.676056338028169,0.5760869565217391,Season,2026 Season,104,104,30.41,43.78,15.71,17.05,20.68,13.48,25.56,25.56,25.561029150272553,8.0,13.333333333333334,47.333333333333336,0.2746478873239437,0.5760869565217391,-3.0,20:22,20:22,Very Slow Tempo,Low-Output Offense,Vulnerable Defense,Poor Possession,Very Slow Tempo | Low-Output Offense | Vulnerable Defense | Poor Possession,,2026
