season,competition_type,game_id,schedule_slug,game_slug,game_number,week,game_date_utc,team_id,team_name,opponent_team_id,opponent_team_name,is_home,team_scores,team_goals,team_one_point_goals,team_two_point_goals,team_assists,team_shots,team_shots_on_goal,team_ground_balls,team_turnovers,caused_turnovers_for,team_faceoffs,team_faceoffs_won,team_faceoffs_lost,saves_for,team_clears,team_clear_attempts,team_touches,team_total_passes,team_time_in_possession,team_offensive_sequence_proxy,scores_allowed,goals_allowed,one_point_goals_allowed,two_point_goals_allowed,assists_allowed,opponent_shots,opponent_shots_on_goal,opponent_two_point_shots,opponent_two_point_shots_on_goal,opponent_ground_balls,opponent_turnovers,opponent_caused_turnovers,opponent_faceoffs,opponent_faceoffs_won,opponent_faceoffs_lost,opponent_saves,opponent_clears,opponent_clear_attempts,opponent_touches,opponent_total_passes,opponent_time_in_possession,opponent_offensive_sequence_proxy,opponent_scores_check,opponent_goals_check,score_margin,win_flag,loss_flag,opponent_goal_pct,opponent_sog_rate,opponent_sog_goal_pct,save_pct_proxy,ct_per_opponent_turnover,opponent_scores_per_offensive_sequence_proxy,opponent_goals_per_shot
2022,post,2022_ev43,playoffs-quarterfinal-1-2022-9-3,playoffs-quarterfinal-1-2022-9-3,41,12,2022-09-03,CHA,Chaos,OUT,Outlaws,0,11.0,11.0,11.0,0.0,7.0,38.0,27.0,23.0,14.0,5.0,18.0,11.0,7.0,15.0,29.0,29.0,264.0,212.0,1311.0,53.0,3.0,3.0,3.0,0.0,2.0,35.0,19.0,6.0,4.0,21.0,15.0,3.0,18.0,7.0,11.0,15.0,28.0,28.0,289.0,239.0,1391.0,53.0,3.0,3.0,8.0,1.0,0.0,0.08571428571428572,0.5428571428571428,0.15789473684210525,0.8333333333333334,0.3333333333333333,0.05660377358490566,0.08571428571428572
2022,post,2022_ev43,playoffs-quarterfinal-1-2022-9-3,playoffs-quarterfinal-1-2022-9-3,41,12,2022-09-03,OUT,Outlaws,CHA,Chaos,1,3.0,3.0,3.0,0.0,2.0,35.0,19.0,21.0,15.0,3.0,18.0,7.0,11.0,15.0,28.0,28.0,289.0,239.0,1391.0,53.0,11.0,11.0,11.0,0.0,7.0,38.0,27.0,3.0,2.0,23.0,14.0,5.0,18.0,11.0,7.0,15.0,29.0,29.0,264.0,212.0,1311.0,53.0,11.0,11.0,-8.0,0.0,1.0,0.2894736842105263,0.7105263157894737,0.4074074074074074,0.5769230769230769,0.21428571428571427,0.20754716981132076,0.2894736842105263
2022,post,2022_ev44,playoffs-quarterfinal-2-2022-9-3,playoffs-quarterfinal-2-2022-9-3,42,12,2022-09-03,ARC,Archers,RED,Redwoods,1,13.0,13.0,13.0,0.0,8.0,37.0,24.0,31.0,15.0,8.0,25.0,10.0,15.0,13.0,28.0,28.0,285.0,233.0,1403.0,55.0,8.0,8.0,8.0,0.0,3.0,37.0,22.0,5.0,4.0,28.0,16.0,3.0,25.0,15.0,10.0,10.0,26.0,26.0,198.0,145.0,1177.0,55.0,8.0,8.0,5.0,1.0,0.0,0.21621621621621623,0.5945945945945946,0.36363636363636365,0.6190476190476191,0.5,0.14545454545454545,0.21621621621621623
2022,post,2022_ev44,playoffs-quarterfinal-2-2022-9-3,playoffs-quarterfinal-2-2022-9-3,42,12,2022-09-03,RED,Redwoods,ARC,Archers,0,8.0,8.0,8.0,0.0,3.0,37.0,22.0,28.0,16.0,3.0,25.0,15.0,10.0,10.0,26.0,26.0,198.0,145.0,1177.0,55.0,13.0,13.0,13.0,0.0,8.0,37.0,24.0,3.0,1.0,31.0,15.0,8.0,25.0,10.0,15.0,13.0,28.0,28.0,285.0,233.0,1403.0,55.0,13.0,13.0,-5.0,0.0,1.0,0.35135135135135137,0.6486486486486487,0.5416666666666666,0.43478260869565216,0.2,0.23636363636363636,0.35135135135135137
2022,post,2022_ev45,playoffs-quarterfinal-3-2022-9-3,playoffs-quarterfinal-3-2022-9-3,43,12,2022-09-03,ATL,Atlas,WAT,Waterdogs,1,14.0,12.0,10.0,2.0,7.0,50.0,25.0,34.0,16.0,10.0,33.0,16.0,17.0,5.0,34.0,35.0,285.0,219.0,1194.0,67.0,19.0,17.0,15.0,2.0,10.0,33.0,23.0,4.0,3.0,36.0,20.0,8.0,33.0,17.0,16.0,13.0,29.0,31.0,229.0,176.0,1369.0,56.0,19.0,17.0,-5.0,0.0,1.0,0.5151515151515151,0.696969696969697,0.7391304347826086,0.22727272727272727,0.5,0.3392857142857143,0.5151515151515151
2022,post,2022_ev45,playoffs-quarterfinal-3-2022-9-3,playoffs-quarterfinal-3-2022-9-3,43,12,2022-09-03,WAT,Waterdogs,ATL,Atlas,0,19.0,17.0,15.0,2.0,10.0,33.0,23.0,36.0,20.0,8.0,33.0,17.0,16.0,13.0,29.0,31.0,229.0,176.0,1369.0,56.0,14.0,12.0,10.0,2.0,7.0,50.0,25.0,17.0,7.0,34.0,16.0,10.0,33.0,16.0,17.0,5.0,34.0,35.0,285.0,219.0,1194.0,67.0,14.0,12.0,5.0,1.0,0.0,0.24,0.5,0.48,0.52,0.5,0.208955223880597,0.24
2022,post,2022_ev47,playoffs-semifinal-2-2022-9-11,playoffs-semifinal-2-2022-9-11,44,13,2022-09-11,WAT,Waterdogs,WHP,Whipsnakes,0,11.0,11.0,11.0,0.0,6.0,31.0,21.0,30.0,20.0,7.0,25.0,11.0,14.0,17.0,26.0,26.0,214.0,163.0,1232.0,52.0,10.0,10.0,10.0,0.0,4.0,43.0,28.0,6.0,3.0,37.0,15.0,15.0,25.0,14.0,11.0,8.0,31.0,32.0,264.0,206.0,1394.0,59.0,10.0,10.0,1.0,1.0,0.0,0.23255813953488372,0.6511627906976745,0.35714285714285715,0.6296296296296297,0.4666666666666667,0.1694915254237288,0.23255813953488372
2022,post,2022_ev47,playoffs-semifinal-2-2022-9-11,playoffs-semifinal-2-2022-9-11,44,13,2022-09-11,WHP,Whipsnakes,WAT,Waterdogs,1,10.0,10.0,10.0,0.0,4.0,43.0,28.0,37.0,15.0,15.0,25.0,14.0,11.0,8.0,31.0,32.0,264.0,206.0,1394.0,59.0,11.0,11.0,11.0,0.0,6.0,31.0,21.0,1.0,1.0,30.0,20.0,7.0,25.0,11.0,14.0,17.0,26.0,26.0,214.0,163.0,1232.0,52.0,11.0,11.0,-1.0,0.0,1.0,0.3548387096774194,0.6774193548387096,0.5238095238095238,0.42105263157894735,0.75,0.21153846153846154,0.3548387096774194
2022,post,2022_ev46,playoffs-semifinal-1-2022-9-11,playoffs-semifinal-1-2022-9-11,45,13,2022-09-11,ARC,Archers,CHA,Chaos,1,7.0,7.0,7.0,0.0,2.0,40.0,21.0,32.0,11.0,9.0,20.0,7.0,13.0,11.0,27.0,27.0,247.0,196.0,1236.0,54.0,9.0,9.0,9.0,0.0,2.0,40.0,20.0,3.0,2.0,29.0,20.0,2.0,20.0,13.0,7.0,13.0,27.0,30.0,250.0,190.0,1495.0,63.0,9.0,9.0,-2.0,0.0,1.0,0.225,0.5,0.45,0.55,0.45,0.14285714285714285,0.225
2022,post,2022_ev46,playoffs-semifinal-1-2022-9-11,playoffs-semifinal-1-2022-9-11,45,13,2022-09-11,CHA,Chaos,ARC,Archers,0,9.0,9.0,9.0,0.0,2.0,40.0,20.0,29.0,20.0,2.0,20.0,13.0,7.0,13.0,27.0,30.0,250.0,190.0,1495.0,63.0,7.0,7.0,7.0,0.0,2.0,40.0,21.0,5.0,2.0,32.0,11.0,9.0,20.0,7.0,13.0,11.0,27.0,27.0,247.0,196.0,1236.0,54.0,7.0,7.0,2.0,1.0,0.0,0.175,0.525,0.3333333333333333,0.65,0.18181818181818182,0.12962962962962962,0.175
2022,post,2022_ev48,championship-2022-9-18,championship-2022-9-18,46,14,2022-09-18,CHA,Chaos,WAT,Waterdogs,0,9.0,8.0,7.0,1.0,5.0,38.0,21.0,28.0,18.0,6.0,23.0,10.0,13.0,17.0,32.0,32.0,212.0,156.0,976.0,59.0,11.0,11.0,11.0,0.0,4.0,41.0,28.0,4.0,2.0,43.0,19.0,10.0,23.0,13.0,10.0,13.0,28.0,30.0,255.0,195.0,1713.0,65.0,11.0,11.0,-2.0,0.0,1.0,0.2682926829268293,0.6829268292682927,0.39285714285714285,0.6071428571428571,0.3157894736842105,0.16923076923076924,0.2682926829268293
2022,post,2022_ev48,championship-2022-9-18,championship-2022-9-18,46,14,2022-09-18,WAT,Waterdogs,CHA,Chaos,1,11.0,11.0,11.0,0.0,4.0,41.0,28.0,43.0,19.0,10.0,23.0,13.0,10.0,13.0,28.0,30.0,255.0,195.0,1713.0,65.0,9.0,8.0,7.0,1.0,5.0,38.0,21.0,6.0,4.0,28.0,18.0,6.0,23.0,10.0,13.0,17.0,32.0,32.0,212.0,156.0,976.0,59.0,9.0,8.0,2.0,1.0,0.0,0.21052631578947367,0.5526315789473685,0.38095238095238093,0.6190476190476191,0.5555555555555556,0.15254237288135594,0.21052631578947367
2023,post,2023_ev45,playoffs-quarterfinal-3-2023-9-1,playoffs-quarterfinal-3-2023-9-1,41,12,2023-09-04,CHA,Chaos,RED,Redwoods,0,9.0,9.0,9.0,0.0,6.0,46.0,30.0,31.0,12.0,4.0,27.0,15.0,12.0,16.0,32.0,33.0,240.0,182.0,1361.0,60.0,15.0,14.0,13.0,1.0,9.0,46.0,30.0,6.0,4.0,34.0,17.0,7.0,27.0,12.0,15.0,21.0,35.0,35.0,299.0,236.0,1335.0,69.0,15.0,14.0,-6.0,0.0,1.0,0.30434782608695654,0.6521739130434783,0.4666666666666667,0.5333333333333333,0.23529411764705882,0.21739130434782608,0.30434782608695654
2023,post,2023_ev45,playoffs-quarterfinal-3-2023-9-1,playoffs-quarterfinal-3-2023-9-1,41,12,2023-09-04,RED,Redwoods,CHA,Chaos,1,15.0,14.0,13.0,1.0,9.0,46.0,30.0,34.0,17.0,7.0,27.0,12.0,15.0,21.0,35.0,35.0,299.0,236.0,1335.0,69.0,9.0,9.0,9.0,0.0,6.0,46.0,30.0,8.0,6.0,31.0,12.0,4.0,27.0,15.0,12.0,16.0,32.0,33.0,240.0,182.0,1361.0,60.0,9.0,9.0,6.0,1.0,0.0,0.1956521739130435,0.6521739130434783,0.3,0.7,0.5833333333333334,0.15,0.1956521739130435
2023,post,2023_ev44,playoffs-quarterfinal-2-2023-9-1,playoffs-quarterfinal-2-2023-9-1,42,12,2023-09-04,WAT,Waterdogs,WHP,Whipsnakes,1,15.0,15.0,15.0,0.0,9.0,44.0,23.0,26.0,18.0,6.0,31.0,10.0,20.0,18.0,33.0,33.0,297.0,235.0,1303.0,69.0,12.0,12.0,12.0,0.0,2.0,41.0,30.0,9.0,6.0,34.0,13.0,6.0,31.0,20.0,10.0,7.0,34.0,34.0,235.0,181.0,1370.0,57.0,12.0,12.0,3.0,1.0,0.0,0.2926829268292683,0.7317073170731707,0.4,0.6,0.46153846153846156,0.21052631578947367,0.2926829268292683
2023,post,2023_ev44,playoffs-quarterfinal-2-2023-9-1,playoffs-quarterfinal-2-2023-9-1,42,12,2023-09-04,WHP,Whipsnakes,WAT,Waterdogs,0,12.0,12.0,12.0,0.0,2.0,41.0,30.0,34.0,13.0,6.0,31.0,20.0,10.0,7.0,34.0,34.0,235.0,181.0,1370.0,57.0,15.0,15.0,15.0,0.0,9.0,44.0,23.0,2.0,1.0,26.0,18.0,6.0,31.0,10.0,20.0,18.0,33.0,33.0,297.0,235.0,1303.0,69.0,15.0,15.0,-3.0,0.0,1.0,0.3409090909090909,0.5227272727272727,0.6521739130434783,0.3181818181818182,0.3333333333333333,0.21739130434782608,0.3409090909090909
2023,post,2023_ev43,playoffs-quarterfinal-1-2023-9-1,playoffs-quarterfinal-1-2023-9-1,43,12,2023-09-04,ATL,Atlas,CAN,Cannons,0,11.0,11.0,11.0,0.0,7.0,44.0,26.0,49.0,27.0,5.0,34.0,33.0,1.0,8.0,29.0,30.0,217.0,146.0,1281.0,74.0,20.0,19.0,18.0,1.0,8.0,44.0,30.0,5.0,1.0,31.0,12.0,9.0,34.0,1.0,33.0,13.0,30.0,31.0,256.0,200.0,1404.0,58.0,20.0,19.0,-9.0,0.0,1.0,0.4318181818181818,0.6818181818181818,0.6333333333333333,0.2962962962962963,0.4166666666666667,0.3448275862068966,0.4318181818181818
2023,post,2023_ev43,playoffs-quarterfinal-1-2023-9-1,playoffs-quarterfinal-1-2023-9-1,43,12,2023-09-04,CAN,Cannons,ATL,Atlas,1,20.0,19.0,18.0,1.0,8.0,44.0,30.0,31.0,12.0,9.0,34.0,1.0,33.0,13.0,30.0,31.0,256.0,200.0,1404.0,58.0,11.0,11.0,11.0,0.0,7.0,44.0,26.0,5.0,0.0,49.0,27.0,5.0,34.0,33.0,1.0,8.0,29.0,30.0,217.0,146.0,1281.0,74.0,11.0,11.0,9.0,1.0,0.0,0.25,0.5909090909090909,0.4230769230769231,0.5416666666666666,0.3333333333333333,0.14864864864864866,0.25
2023,post,2023_ev47,playoffs-semifinal-2-2023-9-8,playoffs-semifinal-2-2023-9-8,44,13,2023-09-10,ARC,Archers,RED,Redwoods,1,14.0,12.0,10.0,2.0,8.0,42.0,20.0,39.0,21.0,7.0,21.0,9.0,12.0,18.0,35.0,35.0,250.0,187.0,1399.0,66.0,6.0,5.0,4.0,1.0,2.0,45.0,23.0,9.0,6.0,23.0,15.0,8.0,21.0,12.0,9.0,8.0,24.0,24.0,226.0,166.0,1297.0,62.0,6.0,5.0,8.0,1.0,0.0,0.1111111111111111,0.5111111111111111,0.21739130434782608,0.782608695652174,0.4666666666666667,0.0967741935483871,0.1111111111111111
2023,post,2023_ev47,playoffs-semifinal-2-2023-9-8,playoffs-semifinal-2-2023-9-8,44,13,2023-09-10,RED,Redwoods,ARC,Archers,0,6.0,5.0,4.0,1.0,2.0,45.0,23.0,23.0,15.0,8.0,21.0,12.0,9.0,8.0,24.0,24.0,226.0,166.0,1297.0,62.0,14.0,12.0,10.0,2.0,8.0,42.0,20.0,11.0,5.0,39.0,21.0,7.0,21.0,9.0,12.0,18.0,35.0,35.0,250.0,187.0,1399.0,66.0,14.0,12.0,-8.0,0.0,1.0,0.2857142857142857,0.47619047619047616,0.6,0.4,0.38095238095238093,0.21212121212121213,0.2857142857142857
2023,post,2023_ev46,playoffs-semifinal-1-2023-9-8,playoffs-semifinal-1-2023-9-8,45,13,2023-09-10,CAN,Cannons,WAT,Waterdogs,1,6.0,5.0,4.0,1.0,3.0,36.0,21.0,33.0,23.0,10.0,25.0,10.0,14.0,13.0,29.0,30.0,238.0,179.0,1245.0,63.0,17.0,16.0,15.0,1.0,9.0,45.0,29.0,3.0,3.0,33.0,19.0,6.0,25.0,14.0,10.0,15.0,29.0,30.0,277.0,213.0,1432.0,67.0,17.0,16.0,-11.0,0.0,1.0,0.35555555555555557,0.6444444444444445,0.5517241379310345,0.4482758620689655,0.5263157894736842,0.2537313432835821,0.35555555555555557
2023,post,2023_ev46,playoffs-semifinal-1-2023-9-8,playoffs-semifinal-1-2023-9-8,45,13,2023-09-10,WAT,Waterdogs,CAN,Cannons,0,17.0,16.0,15.0,1.0,9.0,45.0,29.0,33.0,19.0,6.0,25.0,14.0,10.0,15.0,29.0,30.0,277.0,213.0,1432.0,67.0,6.0,5.0,4.0,1.0,3.0,36.0,21.0,8.0,3.0,33.0,23.0,10.0,25.0,10.0,14.0,13.0,29.0,30.0,238.0,179.0,1245.0,63.0,6.0,5.0,11.0,1.0,0.0,0.1388888888888889,0.5833333333333334,0.23809523809523808,0.75,0.2608695652173913,0.09523809523809523,0.1388888888888889
2023,post,2023_ev48,championship-2023-9-22,championship-2023-9-22,46,14,2023-09-24,ARC,Archers,WAT,Waterdogs,1,15.0,14.0,13.0,1.0,8.0,37.0,25.0,39.0,25.0,2.0,31.0,20.0,11.0,18.0,40.0,40.0,238.0,176.0,1263.0,68.0,14.0,13.0,12.0,1.0,7.0,45.0,31.0,9.0,7.0,34.0,11.0,8.0,31.0,11.0,20.0,10.0,36.0,37.0,280.0,224.0,1458.0,59.0,14.0,13.0,1.0,1.0,0.0,0.28888888888888886,0.6888888888888889,0.41935483870967744,0.5806451612903226,0.18181818181818182,0.23728813559322035,0.28888888888888886
2023,post,2023_ev48,championship-2023-9-22,championship-2023-9-22,46,14,2023-09-24,WAT,Waterdogs,ARC,Archers,0,14.0,13.0,12.0,1.0,7.0,45.0,31.0,34.0,11.0,8.0,31.0,11.0,20.0,10.0,36.0,37.0,280.0,224.0,1458.0,59.0,15.0,14.0,13.0,1.0,8.0,37.0,25.0,6.0,3.0,39.0,25.0,2.0,31.0,20.0,11.0,18.0,40.0,40.0,238.0,176.0,1263.0,68.0,15.0,14.0,-1.0,0.0,1.0,0.3783783783783784,0.6756756756756757,0.56,0.4166666666666667,0.32,0.22058823529411764,0.3783783783783784
2024,post,2024_ev42,playoffs-quarterfinal-1-2024-9-2,playoffs-quarterfinal-1-2024-9-2,41,12,2024-09-02,CAN,Cannons,CHA,Chaos,1,4.0,4.0,4.0,0.0,1.0,41.0,21.0,23.0,14.0,6.0,16.0,9.0,7.0,12.0,26.0,26.0,260.0,205.0,1260.0,57.0,8.0,8.0,8.0,0.0,6.0,33.0,21.0,2.0,0.0,33.0,18.0,8.0,16.0,7.0,9.0,15.0,30.0,31.0,273.0,222.0,1409.0,57.0,8.0,8.0,-4.0,0.0,1.0,0.24242424242424243,0.6363636363636364,0.38095238095238093,0.6,0.3333333333333333,0.14035087719298245,0.24242424242424243
2024,post,2024_ev42,playoffs-quarterfinal-1-2024-9-2,playoffs-quarterfinal-1-2024-9-2,41,12,2024-09-02,CHA,Chaos,CAN,Cannons,0,8.0,8.0,8.0,0.0,6.0,33.0,21.0,33.0,18.0,8.0,16.0,7.0,9.0,15.0,30.0,31.0,273.0,222.0,1409.0,57.0,4.0,4.0,4.0,0.0,1.0,41.0,21.0,7.0,2.0,23.0,14.0,6.0,16.0,9.0,7.0,12.0,26.0,26.0,260.0,205.0,1260.0,57.0,4.0,4.0,4.0,1.0,0.0,0.0975609756097561,0.5121951219512195,0.19047619047619047,0.7894736842105263,0.5714285714285714,0.07017543859649122,0.0975609756097561
2024,post,2024_ev43,playoffs-quarterfinal-2-2024-9-2,playoffs-quarterfinal-2-2024-9-2,42,12,2024-09-02,OUT,Outlaws,WHP,Whipsnakes,0,10.0,9.0,8.0,1.0,3.0,36.0,21.0,26.0,17.0,4.0,23.0,10.0,12.0,15.0,31.0,32.0,251.0,198.0,1450.0,56.0,11.0,10.0,9.0,1.0,6.0,41.0,26.0,9.0,5.0,32.0,19.0,9.0,23.0,12.0,10.0,11.0,38.0,38.0,254.0,194.0,1226.0,65.0,11.0,10.0,-1.0,0.0,1.0,0.24390243902439024,0.6341463414634146,0.38461538461538464,0.6,0.21052631578947367,0.16923076923076924,0.24390243902439024
2024,post,2024_ev43,playoffs-quarterfinal-2-2024-9-2,playoffs-quarterfinal-2-2024-9-2,42,12,2024-09-02,WHP,Whipsnakes,OUT,Outlaws,1,11.0,10.0,9.0,1.0,6.0,41.0,26.0,32.0,19.0,9.0,23.0,12.0,10.0,11.0,38.0,38.0,254.0,194.0,1226.0,65.0,10.0,9.0,8.0,1.0,3.0,36.0,21.0,6.0,4.0,26.0,17.0,4.0,23.0,10.0,12.0,15.0,31.0,32.0,251.0,198.0,1450.0,56.0,10.0,9.0,1.0,1.0,0.0,0.25,0.5833333333333334,0.42857142857142855,0.55,0.5294117647058824,0.17857142857142858,0.25
2024,post,2024_ev44,playoffs-semifinal-1-2024-9-8,playoffs-semifinal-1-2024-9-8,43,13,2024-09-07,ATL,Atlas,WHP,Whipsnakes,1,11.0,9.0,7.0,2.0,4.0,48.0,27.0,35.0,19.0,10.0,25.0,12.0,12.0,9.0,33.0,34.0,296.0,229.0,1693.0,72.0,12.0,12.0,12.0,0.0,2.0,46.0,25.0,5.0,2.0,34.0,20.0,5.0,25.0,12.0,12.0,17.0,33.0,35.0,236.0,170.0,1373.0,70.0,12.0,12.0,-1.0,0.0,1.0,0.2608695652173913,0.5434782608695652,0.48,0.42857142857142855,0.5,0.17142857142857143,0.2608695652173913
2024,post,2024_ev44,playoffs-semifinal-1-2024-9-8,playoffs-semifinal-1-2024-9-8,43,13,2024-09-07,WHP,Whipsnakes,ATL,Atlas,0,12.0,12.0,12.0,0.0,2.0,46.0,25.0,34.0,20.0,5.0,25.0,12.0,12.0,17.0,33.0,35.0,236.0,170.0,1373.0,70.0,11.0,9.0,7.0,2.0,4.0,48.0,27.0,7.0,3.0,35.0,19.0,10.0,25.0,12.0,12.0,9.0,33.0,34.0,296.0,229.0,1693.0,72.0,11.0,9.0,1.0,1.0,0.0,0.1875,0.5625,0.3333333333333333,0.6538461538461539,0.2631578947368421,0.1527777777777778,0.1875
2024,post,2024_ev45,playoffs-semifinal-2-2024-9-8,playoffs-semifinal-2-2024-9-8,44,13,2024-09-07,ARC,Archers,CHA,Chaos,1,10.0,9.0,8.0,1.0,6.0,35.0,21.0,21.0,19.0,6.0,14.0,6.0,7.0,18.0,29.0,29.0,258.0,204.0,1306.0,59.0,1.0,1.0,1.0,0.0,1.0,40.0,22.0,5.0,3.0,16.0,16.0,3.0,14.0,7.0,6.0,9.0,30.0,31.0,224.0,168.0,1390.0,60.0,1.0,1.0,9.0,1.0,0.0,0.025,0.55,0.045454545454545456,0.9473684210526315,0.375,0.016666666666666666,0.025
2024,post,2024_ev45,playoffs-semifinal-2-2024-9-8,playoffs-semifinal-2-2024-9-8,44,13,2024-09-07,CHA,Chaos,ARC,Archers,0,1.0,1.0,1.0,0.0,1.0,40.0,22.0,16.0,16.0,3.0,14.0,7.0,6.0,9.0,30.0,31.0,224.0,168.0,1390.0,60.0,10.0,9.0,8.0,1.0,6.0,35.0,21.0,4.0,3.0,21.0,19.0,6.0,14.0,6.0,7.0,18.0,29.0,29.0,258.0,204.0,1306.0,59.0,10.0,9.0,-9.0,0.0,1.0,0.2571428571428571,0.6,0.42857142857142855,0.5,0.15789473684210525,0.1694915254237288,0.2571428571428571
2024,post,2024_ev46,championship-2024-9-15,championship-2024-9-15,45,14,2024-09-15,ARC,Archers,WHP,Whipsnakes,1,12.0,11.0,10.0,1.0,4.0,32.0,23.0,26.0,17.0,9.0,23.0,7.0,15.0,20.0,32.0,32.0,233.0,184.0,1298.0,51.0,8.0,8.0,8.0,0.0,5.0,53.0,29.0,9.0,5.0,37.0,17.0,7.0,23.0,15.0,7.0,12.0,29.0,31.0,241.0,171.0,1362.0,73.0,8.0,8.0,4.0,1.0,0.0,0.1509433962264151,0.5471698113207547,0.27586206896551724,0.7142857142857143,0.5294117647058824,0.1095890410958904,0.1509433962264151
2024,post,2024_ev46,championship-2024-9-15,championship-2024-9-15,45,14,2024-09-15,WHP,Whipsnakes,ARC,Archers,0,8.0,8.0,8.0,0.0,5.0,53.0,29.0,37.0,17.0,7.0,23.0,15.0,7.0,12.0,29.0,31.0,241.0,171.0,1362.0,73.0,12.0,11.0,10.0,1.0,4.0,32.0,23.0,5.0,2.0,26.0,17.0,9.0,23.0,7.0,15.0,20.0,32.0,32.0,233.0,184.0,1298.0,51.0,12.0,11.0,-4.0,0.0,1.0,0.34375,0.71875,0.4782608695652174,0.5217391304347826,0.4117647058823529,0.23529411764705882,0.34375
2025,post,2025_ev_43,2025_quarterfinal_1,2025_quarterfinal_1,41,12,2025-08-23,WAT,Waterdogs,WHP,Whipsnakes,0,14.0,14.0,14.0,0.0,8.0,41.0,29.0,38.0,19.0,11.0,29.0,13.0,16.0,11.0,27.0,28.0,236.0,176.0,1257.0,64.0,12.0,11.0,10.0,1.0,7.0,39.0,25.0,4.0,3.0,34.0,21.0,11.0,29.0,16.0,13.0,13.0,26.0,27.0,271.0,211.0,1286.0,63.0,12.0,11.0,2.0,1.0,0.0,0.28205128205128205,0.6410256410256411,0.44,0.5,0.5238095238095238,0.19047619047619047,0.28205128205128205
2025,post,2025_ev_43,2025_quarterfinal_1,2025_quarterfinal_1,41,12,2025-08-23,WHP,Whipsnakes,WAT,Waterdogs,1,12.0,11.0,10.0,1.0,7.0,39.0,25.0,34.0,21.0,11.0,29.0,16.0,13.0,13.0,26.0,27.0,271.0,211.0,1286.0,63.0,14.0,14.0,14.0,0.0,8.0,41.0,29.0,2.0,1.0,38.0,19.0,11.0,29.0,13.0,16.0,11.0,27.0,28.0,236.0,176.0,1257.0,64.0,14.0,14.0,-2.0,0.0,1.0,0.34146341463414637,0.7073170731707317,0.4827586206896552,0.48148148148148145,0.5789473684210527,0.21875,0.34146341463414637
2025,post,2025_ev_44,2025_quarterfinal_2,2025_quarterfinal_2,42,12,2025-08-24,CHA,Chaos,RED,Redwoods,0,12.0,12.0,12.0,0.0,2.0,43.0,31.0,31.0,12.0,4.0,29.0,15.0,14.0,10.0,31.0,32.0,254.0,199.0,1349.0,58.0,14.0,13.0,12.0,1.0,2.0,43.0,23.0,4.0,2.0,25.0,18.0,5.0,29.0,14.0,15.0,18.0,31.0,31.0,258.0,197.0,1273.0,69.0,14.0,13.0,-2.0,0.0,1.0,0.3023255813953488,0.5348837209302325,0.5652173913043478,0.43478260869565216,0.2222222222222222,0.2028985507246377,0.3023255813953488
2025,post,2025_ev_44,2025_quarterfinal_2,2025_quarterfinal_2,42,12,2025-08-24,RED,Redwoods,CHA,Chaos,1,14.0,13.0,12.0,1.0,2.0,43.0,23.0,25.0,18.0,5.0,29.0,14.0,15.0,18.0,31.0,31.0,258.0,197.0,1273.0,69.0,12.0,12.0,12.0,0.0,2.0,43.0,31.0,3.0,1.0,31.0,12.0,4.0,29.0,15.0,14.0,10.0,31.0,32.0,254.0,199.0,1349.0,58.0,12.0,12.0,2.0,1.0,0.0,0.27906976744186046,0.7209302325581395,0.3870967741935484,0.6,0.4166666666666667,0.20689655172413793,0.27906976744186046
2025,post,2025_ev_48,2025_semifinal_2,2025_semifinal_2,43,13,2025-09-01,ATL,Atlas,WAT,Waterdogs,1,13.0,13.0,13.0,0.0,9.0,40.0,27.0,31.0,19.0,3.0,25.0,15.0,10.0,18.0,29.0,29.0,278.0,219.0,1285.0,69.0,11.0,8.0,5.0,3.0,6.0,41.0,29.0,8.0,8.0,27.0,9.0,5.0,25.0,10.0,15.0,8.0,29.0,29.0,222.0,172.0,1312.0,52.0,11.0,8.0,2.0,1.0,0.0,0.1951219512195122,0.7073170731707317,0.27586206896551724,0.6923076923076923,0.3333333333333333,0.21153846153846154,0.1951219512195122
2025,post,2025_ev_48,2025_semifinal_2,2025_semifinal_2,43,13,2025-09-01,WAT,Waterdogs,ATL,Atlas,0,11.0,8.0,5.0,3.0,6.0,41.0,29.0,27.0,9.0,5.0,25.0,10.0,15.0,8.0,29.0,29.0,222.0,172.0,1312.0,52.0,13.0,13.0,13.0,0.0,9.0,40.0,27.0,7.0,4.0,31.0,19.0,3.0,25.0,15.0,10.0,18.0,29.0,29.0,278.0,219.0,1285.0,69.0,13.0,13.0,-2.0,0.0,1.0,0.325,0.675,0.48148148148148145,0.38095238095238093,0.2631578947368421,0.18840579710144928,0.325
2025,post,2025_ev_47,2025_semifinal_1,2025_semifinal_1,44,13,2025-09-01,OUT,Outlaws,RED,Redwoods,1,12.0,11.0,10.0,1.0,5.0,43.0,28.0,21.0,12.0,5.0,20.0,11.0,9.0,11.0,27.0,27.0,277.0,222.0,1296.0,59.0,7.0,6.0,5.0,1.0,3.0,34.0,18.0,6.0,5.0,26.0,18.0,4.0,20.0,9.0,11.0,16.0,28.0,29.0,207.0,155.0,1440.0,61.0,7.0,6.0,5.0,1.0,0.0,0.17647058823529413,0.5294117647058824,0.3333333333333333,0.6470588235294118,0.2777777777777778,0.11475409836065574,0.17647058823529413
2025,post,2025_ev_47,2025_semifinal_1,2025_semifinal_1,44,13,2025-09-01,RED,Redwoods,OUT,Outlaws,0,7.0,6.0,5.0,1.0,3.0,34.0,18.0,26.0,18.0,4.0,20.0,9.0,11.0,16.0,28.0,29.0,207.0,155.0,1440.0,61.0,12.0,11.0,10.0,1.0,5.0,43.0,28.0,13.0,9.0,21.0,12.0,5.0,20.0,11.0,9.0,11.0,27.0,27.0,277.0,222.0,1296.0,59.0,12.0,11.0,-5.0,0.0,1.0,0.2558139534883721,0.6511627906976745,0.39285714285714285,0.5925925925925926,0.3333333333333333,0.2033898305084746,0.2558139534883721
2025,post,2025_ev_49,2025_championship_game,2025_championship_game,45,14,2025-09-14,ATL,Atlas,OUT,Outlaws,0,14.0,14.0,14.0,0.0,9.0,46.0,28.0,37.0,14.0,4.0,31.0,22.0,9.0,15.0,33.0,33.0,216.0,156.0,1340.0,65.0,13.0,13.0,13.0,0.0,5.0,47.0,30.0,4.0,3.0,25.0,15.0,4.0,31.0,9.0,22.0,11.0,30.0,32.0,234.0,172.0,1264.0,65.0,13.0,13.0,1.0,1.0,0.0,0.2765957446808511,0.6382978723404256,0.43333333333333335,0.5357142857142857,0.26666666666666666,0.2,0.2765957446808511
2025,post,2025_ev_49,2025_championship_game,2025_championship_game,45,14,2025-09-14,OUT,Outlaws,ATL,Atlas,1,13.0,13.0,13.0,0.0,5.0,47.0,30.0,25.0,15.0,4.0,31.0,9.0,22.0,11.0,30.0,32.0,234.0,172.0,1264.0,65.0,14.0,14.0,14.0,0.0,9.0,46.0,28.0,3.0,0.0,37.0,14.0,4.0,31.0,22.0,9.0,15.0,33.0,33.0,216.0,156.0,1340.0,65.0,14.0,14.0,-1.0,0.0,1.0,0.30434782608695654,0.6086956521739131,0.5,0.44,0.2857142857142857,0.2153846153846154,0.30434782608695654
2026,post,2026_game_49,2026-quarterfinals-1,2026-quarterfinals-1,49,14,2026-08-29,OUT,Outlaws,RED,Redwoods,0,15.0,14.0,13.0,1.0,7.0,41.0,24.0,31.0,21.0,10.0,32.0,14.0,17.0,15.0,25.0,26.0,243.0,181.0,1125.0,64.0,14.0,14.0,14.0,0.0,9.0,44.0,30.0,6.0,3.0,32.0,19.0,15.0,32.0,17.0,14.0,10.0,39.0,41.0,316.0,253.0,1560.0,67.0,14.0,14.0,1.0,1.0,0.0,0.3181818181818182,0.6818181818181818,0.4666666666666667,0.5172413793103449,0.5263157894736842,0.208955223880597,0.3181818181818182
2026,post,2026_game_49,2026-quarterfinals-1,2026-quarterfinals-1,49,14,2026-08-29,RED,Redwoods,OUT,Outlaws,1,14.0,14.0,14.0,0.0,9.0,44.0,30.0,32.0,19.0,15.0,32.0,17.0,14.0,10.0,39.0,41.0,316.0,253.0,1560.0,67.0,15.0,14.0,13.0,1.0,7.0,41.0,24.0,5.0,1.0,31.0,21.0,10.0,32.0,14.0,17.0,15.0,25.0,26.0,243.0,181.0,1125.0,64.0,15.0,14.0,-1.0,0.0,1.0,0.34146341463414637,0.5853658536585366,0.5833333333333334,0.4166666666666667,0.7142857142857143,0.234375,0.34146341463414637
2026,post,2026_game_50,2026-quarterfinals-2,2026-quarterfinals-2,50,14,2026-08-30,CAN,Cannons,WHP,Whipsnakes,1,9.0,9.0,9.0,0.0,2.0,35.0,19.0,34.0,20.0,13.0,20.0,10.0,10.0,12.0,30.0,32.0,280.0,225.0,1254.0,61.0,7.0,7.0,7.0,0.0,3.0,33.0,20.0,2.0,2.0,26.0,22.0,7.0,20.0,10.0,10.0,9.0,25.0,26.0,248.0,193.0,1473.0,58.0,7.0,7.0,2.0,1.0,0.0,0.21212121212121213,0.6060606060606061,0.35,0.631578947368421,0.5909090909090909,0.1206896551724138,0.21212121212121213
2026,post,2026_game_50,2026-quarterfinals-2,2026-quarterfinals-2,50,14,2026-08-30,WHP,Whipsnakes,CAN,Cannons,0,7.0,7.0,7.0,0.0,3.0,33.0,20.0,26.0,22.0,7.0,20.0,10.0,10.0,9.0,25.0,26.0,248.0,193.0,1473.0,58.0,9.0,9.0,9.0,0.0,2.0,35.0,19.0,4.0,2.0,34.0,20.0,13.0,20.0,10.0,10.0,12.0,30.0,32.0,280.0,225.0,1254.0,61.0,9.0,9.0,-2.0,0.0,1.0,0.2571428571428571,0.5428571428571428,0.47368421052631576,0.5,0.35,0.14754098360655737,0.2571428571428571
