season,team_id,team_name,split_type,games,first_game_date,last_game_date,opponents,scores,goals,one_point_goals,two_point_goals,assists,shots,shots_on_goal,two_point_shots,two_point_shots_on_goal,ground_balls,turnovers,caused_turnovers,faceoffs,faceoffs_won,faceoffs_lost,saves,clean_saves,messy_saves,scores_against,goals_against,num_penalties,pim,power_play_goals,power_play_shots,power_play_goals_against,times_man_up,times_short_handed,ride_attempts,clear_attempts,clears,shot_clock_expirations,two_point_goals_against,touches,total_passes,time_in_possession,time_in_possession_available_game,official_total_possessions,offensive_sequence_proxy,shot_pct_calc,shots_on_goal_rate_calc,faceoff_pct_calc,clear_pct_calc,scores_per_game,goals_per_game,one_point_goals_per_game,two_point_goals_per_game,assists_per_game,shots_per_game,shots_on_goal_per_game,two_point_shots_per_game,two_point_shots_on_goal_per_game,ground_balls_per_game,turnovers_per_game,caused_turnovers_per_game,faceoffs_per_game,faceoffs_won_per_game,faceoffs_lost_per_game,saves_per_game,clean_saves_per_game,messy_saves_per_game,scores_against_per_game,goals_against_per_game,num_penalties_per_game,pim_per_game,power_play_goals_per_game,power_play_shots_per_game,power_play_goals_against_per_game,times_man_up_per_game,times_short_handed_per_game,ride_attempts_per_game,clear_attempts_per_game,clears_per_game,shot_clock_expirations_per_game,two_point_goals_against_per_game,touches_per_game,total_passes_per_game,time_in_possession_per_game,time_in_possession_available_game_per_game,official_total_possessions_per_game,offensive_sequence_proxy_per_game,passes_per_touch,seconds_possession_per_touch,touches_per_offensive_sequence_proxy,passes_per_offensive_sequence_proxy,time_in_possession_total_display,time_in_possession_per_game_display
2022,ARC,Archers,last_5,5,2022-08-06,2022-09-11,CHA|RED|WAT|WHP,58.0,55.0,52.0,3.0,30.0,197.0,131.0,21.0,13.0,148.0,60.0,42.0,125.0,43.0,81.0,58.0,22.0,36.0,50.0,50.0,12.0,9.5,3.0,5.0,4.0,7.0,11.0,139.0,142.0,142.0,7.0,0.0,1384.0,1127.0,6269.0,5,0.0,264.0,0.27918781725888325,0.6649746192893401,0.344,1.0,11.6,11.0,10.4,0.6,6.0,39.4,26.2,4.2,2.6,29.6,12.0,8.4,25.0,8.6,16.2,11.6,4.4,7.2,10.0,10.0,2.4,1.9,0.6,1.0,0.8,1.4,2.2,27.8,28.4,28.4,1.4,0.0,276.8,225.4,1253.8,1.0,0.0,52.8,0.8143063583815029,4.529624277456647,5.242424242424242,4.268939393939394,1:44:29,20:54
2022,ATL,Atlas,last_5,5,2022-07-30,2022-09-03,ARC|CHA|WAT|WHP,61.0,54.0,47.0,7.0,35.0,201.0,120.0,34.0,18.0,169.0,94.0,32.0,139.0,87.0,52.0,60.0,10.0,50.0,69.0,66.0,20.0,15.0,4.0,21.0,8.0,14.0,17.0,137.0,151.0,146.0,13.0,3.0,1297.0,1002.0,6724.0,5,0.0,308.0,0.26865671641791045,0.5970149253731343,0.6258992805755396,0.9668874172185431,12.2,10.8,9.4,1.4,7.0,40.2,24.0,6.8,3.6,33.8,18.8,6.4,27.8,17.4,10.4,12.0,2.0,10.0,13.8,13.2,4.0,3.0,0.8,4.2,1.6,2.8,3.4,27.4,30.2,29.2,2.6,0.6,259.4,200.4,1344.8,1.0,0.0,61.6,0.7725520431765613,5.184271395528142,4.211038961038961,3.2532467532467533,1:52:04,22:25
2022,CAN,Cannons,last_5,5,2022-07-24,2022-08-21,ARC|OUT|RED|WAT|WHP,56.0,55.0,54.0,1.0,30.0,193.0,122.0,13.0,5.0,151.0,74.0,36.0,139.0,57.0,82.0,63.0,23.0,40.0,69.0,65.0,12.0,9.5,1.0,10.0,4.0,10.0,12.0,157.0,134.0,131.0,5.0,4.0,1194.0,927.0,6313.0,5,0.0,272.0,0.2849740932642487,0.6321243523316062,0.41007194244604317,0.9776119402985075,11.2,11.0,10.8,0.2,6.0,38.6,24.4,2.6,1.0,30.2,14.8,7.2,27.8,11.4,16.4,12.6,4.6,8.0,13.8,13.0,2.4,1.9,0.2,2.0,0.8,2.0,2.4,31.4,26.8,26.2,1.0,0.8,238.8,185.4,1262.6,1.0,0.0,54.4,0.7763819095477387,5.2872696817420435,4.389705882352941,3.4080882352941178,1:45:13,21:03
2022,CHA,Chaos,last_5,5,2022-08-13,2022-09-18,ARC|ATL|OUT|WAT,46.0,45.0,44.0,1.0,25.0,187.0,108.0,19.0,10.0,141.0,88.0,26.0,105.0,52.0,52.0,70.0,35.0,35.0,42.0,40.0,16.0,12.0,4.0,7.0,6.0,8.0,14.0,143.0,142.0,137.0,11.0,2.0,1216.0,941.0,6237.0,5,0.0,286.0,0.24064171122994651,0.5775401069518716,0.49523809523809526,0.9647887323943662,9.2,9.0,8.8,0.2,5.0,37.4,21.6,3.8,2.0,28.2,17.6,5.2,21.0,10.4,10.4,14.0,7.0,7.0,8.4,8.0,3.2,2.4,0.8,1.4,1.2,1.6,2.8,28.6,28.4,27.4,2.2,0.4,243.2,188.2,1247.4,1.0,0.0,57.2,0.7738486842105263,5.129111842105263,4.251748251748252,3.2902097902097904,1:43:57,20:47
2022,OUT,Outlaws,last_5,5,2022-07-30,2022-09-03,CAN|CHA|RED|WHP,48.0,47.0,46.0,1.0,31.0,166.0,115.0,14.0,8.0,147.0,85.0,27.0,114.0,59.0,55.0,62.0,23.0,39.0,50.0,48.0,11.0,9.0,4.0,10.0,1.0,16.0,9.0,142.0,147.0,145.0,6.0,2.0,1421.0,1170.0,7066.0,5,0.0,257.0,0.28313253012048195,0.6927710843373494,0.5175438596491229,0.9863945578231292,9.6,9.4,9.2,0.2,6.2,33.2,23.0,2.8,1.6,29.4,17.0,5.4,22.8,11.8,11.0,12.4,4.6,7.8,10.0,9.6,2.2,1.8,0.8,2.0,0.2,3.2,1.8,28.4,29.4,29.0,1.2,0.4,284.2,234.0,1413.2,1.0,0.0,51.4,0.8233638282899367,4.972554539057002,5.529182879377432,4.552529182879377,1:57:46,23:33
2022,RED,Redwoods,last_5,5,2022-07-31,2022-09-03,ARC|CAN|CHA|OUT|WAT,61.0,58.0,55.0,3.0,27.0,192.0,122.0,26.0,14.0,142.0,77.0,29.0,141.0,77.0,62.0,52.0,19.0,33.0,64.0,63.0,13.0,12.5,6.0,16.0,1.0,15.0,9.0,130.0,136.0,132.0,12.0,1.0,1234.0,965.0,6537.0,5,0.0,281.0,0.3020833333333333,0.6354166666666666,0.5460992907801419,0.9705882352941176,12.2,11.6,11.0,0.6,5.4,38.4,24.4,5.2,2.8,28.4,15.4,5.8,28.2,15.4,12.4,10.4,3.8,6.6,12.8,12.6,2.6,2.5,1.2,3.2,0.2,3.0,1.8,26.0,27.2,26.4,2.4,0.2,246.8,193.0,1307.4,1.0,0.0,56.2,0.7820097244732577,5.2974068071312805,4.391459074733096,3.434163701067616,1:48:57,21:47
2022,WAT,Waterdogs,last_5,5,2022-08-13,2022-09-18,ARC|ATL|CHA|RED|WHP,65.0,62.0,59.0,3.0,34.0,195.0,124.0,19.0,10.0,195.0,96.0,41.0,141.0,71.0,68.0,67.0,10.0,57.0,63.0,59.0,13.0,10.0,3.0,8.0,1.0,10.0,11.0,157.0,142.0,136.0,10.0,4.0,1208.0,917.0,7238.0,5,0.0,301.0,0.31794871794871793,0.6358974358974359,0.5035460992907801,0.9577464788732394,13.0,12.4,11.8,0.6,6.8,39.0,24.8,3.8,2.0,39.0,19.2,8.2,28.2,14.2,13.6,13.4,2.0,11.4,12.6,11.8,2.6,2.0,0.6,1.6,0.2,2.0,2.2,31.4,28.4,27.2,2.0,0.8,241.6,183.4,1447.6,1.0,0.0,60.2,0.7591059602649006,5.991721854304636,4.01328903654485,3.046511627906977,2:00:38,24:08
2022,WHP,Whipsnakes,last_5,5,2022-07-30,2022-09-11,ARC|ATL|CAN|OUT|WAT,59.0,57.0,55.0,2.0,28.0,206.0,129.0,22.0,11.0,166.0,88.0,40.0,121.0,73.0,48.0,61.0,21.0,40.0,47.0,44.0,13.0,8.5,2.0,11.0,4.0,11.0,13.0,132.0,147.0,143.0,14.0,3.0,1280.0,986.0,6931.0,5,0.0,308.0,0.2766990291262136,0.6262135922330098,0.6033057851239669,0.9727891156462585,11.8,11.4,11.0,0.4,5.6,41.2,25.8,4.4,2.2,33.2,17.6,8.0,24.2,14.6,9.6,12.2,4.2,8.0,9.4,8.8,2.6,1.7,0.4,2.2,0.8,2.2,2.6,26.4,29.4,28.6,2.8,0.6,256.0,197.2,1386.2,1.0,0.0,61.6,0.7703125,5.41484375,4.1558441558441555,3.2012987012987013,1:55:31,23:06
2023,ARC,Archers,last_5,5,2023-08-12,2023-09-24,OUT|RED|WAT|WHP,71.0,63.0,55.0,8.0,37.0,223.0,136.0,42.0,22.0,201.0,105.0,37.0,128.0,73.0,53.0,79.0,29.0,50.0,50.0,45.0,12.0,9.0,4.0,11.0,6.0,8.0,12.0,150.0,177.0,176.0,20.0,5.0,1323.0,995.0,6838.0,5,0.0,348.0,0.2825112107623318,0.6098654708520179,0.5703125,0.9943502824858758,14.2,12.6,11.0,1.6,7.4,44.6,27.2,8.4,4.4,40.2,21.0,7.4,25.6,14.6,10.6,15.8,5.8,10.0,10.0,9.0,2.4,1.8,0.8,2.2,1.2,1.6,2.4,30.0,35.4,35.2,4.0,1.0,264.6,199.0,1367.6,1.0,0.0,69.6,0.7520786092214664,5.168556311413454,3.8017241379310347,2.8591954022988504,1:53:58,22:48
2023,ATL,Atlas,last_5,5,2023-08-05,2023-09-04,ARC|CAN|RED|WAT,55.0,54.0,53.0,1.0,36.0,193.0,120.0,23.0,10.0,215.0,119.0,25.0,142.0,109.0,32.0,63.0,8.0,55.0,74.0,68.0,10.0,6.0,3.0,10.0,3.0,8.0,10.0,163.0,166.0,162.0,16.0,6.0,1263.0,951.0,6793.0,5,0.0,328.0,0.27979274611398963,0.6217616580310881,0.7676056338028169,0.9759036144578314,11.0,10.8,10.6,0.2,7.2,38.6,24.0,4.6,2.0,43.0,23.8,5.0,28.4,21.8,6.4,12.6,1.6,11.0,14.8,13.6,2.0,1.2,0.6,2.0,0.6,1.6,2.0,32.6,33.2,32.4,3.2,1.2,252.6,190.2,1358.6,1.0,0.0,65.6,0.7529691211401425,5.378463974663499,3.850609756097561,2.899390243902439,1:53:13,22:39
2023,CAN,Cannons,last_5,5,2023-08-13,2023-09-10,ATL|RED|WAT|WHP,70.0,61.0,52.0,9.0,32.0,210.0,130.0,32.0,12.0,150.0,82.0,61.0,145.0,15.0,129.0,69.0,12.0,57.0,68.0,64.0,16.0,12.0,5.0,12.0,5.0,9.0,14.0,162.0,154.0,148.0,15.0,4.0,1341.0,1049.0,6553.0,5,0.0,307.0,0.2904761904761905,0.6190476190476191,0.10344827586206896,0.961038961038961,14.0,12.2,10.4,1.8,6.4,42.0,26.0,6.4,2.4,30.0,16.4,12.2,29.0,3.0,25.8,13.8,2.4,11.4,13.6,12.8,3.2,2.4,1.0,2.4,1.0,1.8,2.8,32.4,30.8,29.6,3.0,0.8,268.2,209.8,1310.6,1.0,0.0,61.4,0.7822520507084265,4.886651752423565,4.368078175895765,3.416938110749186,1:49:13,21:51
2023,CHA,Chaos,last_5,5,2023-08-06,2023-09-04,OUT|RED|WAT|WHP,54.0,50.0,46.0,4.0,35.0,220.0,133.0,30.0,15.0,174.0,94.0,29.0,122.0,75.0,46.0,71.0,28.0,43.0,59.0,52.0,12.0,8.0,5.0,13.0,5.0,9.0,9.0,159.0,167.0,166.0,15.0,7.0,1284.0,970.0,6884.0,5,0.0,329.0,0.22727272727272727,0.6045454545454545,0.6147540983606558,0.9940119760479041,10.8,10.0,9.2,0.8,7.0,44.0,26.6,6.0,3.0,34.8,18.8,5.8,24.4,15.0,9.2,14.2,5.6,8.6,11.8,10.4,2.4,1.6,1.0,2.6,1.0,1.8,1.8,31.8,33.4,33.2,3.0,1.4,256.8,194.0,1376.8,1.0,0.0,65.8,0.7554517133956387,5.361370716510903,3.9027355623100304,2.9483282674772036,1:54:44,22:57
2023,OUT,Outlaws,last_5,5,2023-07-29,2023-08-27,ARC|ATL|CHA|RED|WHP,36.0,34.0,32.0,2.0,18.0,177.0,101.0,27.0,14.0,124.0,89.0,32.0,108.0,26.0,82.0,67.0,22.0,45.0,60.0,54.0,16.0,13.0,4.0,14.0,7.0,15.0,12.0,181.0,159.0,158.0,11.0,6.0,1365.0,1099.0,6520.0,5,0.0,277.0,0.192090395480226,0.5706214689265536,0.24074074074074073,0.9937106918238994,7.2,6.8,6.4,0.4,3.6,35.4,20.2,5.4,2.8,24.8,17.8,6.4,21.6,5.2,16.4,13.4,4.4,9.0,12.0,10.8,3.2,2.6,0.8,2.8,1.4,3.0,2.4,36.2,31.8,31.6,2.2,1.2,273.0,219.8,1304.0,1.0,0.0,55.4,0.8051282051282052,4.7765567765567765,4.927797833935018,3.967509025270758,1:48:40,21:44
2023,RED,Redwoods,last_5,5,2023-08-13,2023-09-10,ARC|ATL|CAN|CHA|OUT,60.0,54.0,48.0,6.0,27.0,228.0,136.0,34.0,23.0,190.0,104.0,37.0,124.0,80.0,44.0,58.0,25.0,33.0,55.0,50.0,12.0,8.0,7.0,17.0,4.0,16.0,10.0,162.0,157.0,153.0,21.0,5.0,1479.0,1147.0,7439.0,5,0.0,353.0,0.23684210526315788,0.5964912280701754,0.6451612903225806,0.9745222929936306,12.0,10.8,9.6,1.2,5.4,45.6,27.2,6.8,4.6,38.0,20.8,7.4,24.8,16.0,8.8,11.6,5.0,6.6,11.0,10.0,2.4,1.6,1.4,3.4,0.8,3.2,2.0,32.4,31.4,30.6,4.2,1.0,295.8,229.4,1487.8,1.0,0.0,70.6,0.77552400270453,5.029749830966869,4.189801699716714,3.2492917847025495,2:03:59,24:48
2023,WAT,Waterdogs,last_5,5,2023-08-20,2023-09-24,ARC|CAN|CHA|WHP,73.0,66.0,59.0,7.0,39.0,218.0,144.0,25.0,22.0,158.0,76.0,34.0,136.0,43.0,90.0,78.0,24.0,54.0,54.0,50.0,13.0,8.5,7.0,17.0,4.0,15.0,11.0,174.0,161.0,155.0,14.0,4.0,1418.0,1124.0,6624.0,5,0.0,308.0,0.30275229357798167,0.6605504587155964,0.3161764705882353,0.9627329192546584,14.6,13.2,11.8,1.4,7.8,43.6,28.8,5.0,4.4,31.6,15.2,6.8,27.2,8.6,18.0,15.6,4.8,10.8,10.8,10.0,2.6,1.7,1.4,3.4,0.8,3.0,2.2,34.8,32.2,31.0,2.8,0.8,283.6,224.8,1324.8,1.0,0.0,61.6,0.7926657263751763,4.671368124118477,4.603896103896104,3.6493506493506493,1:50:24,22:05
2023,WHP,Whipsnakes,last_5,5,2023-08-05,2023-09-04,ARC|CAN|CHA|OUT|WAT,58.0,51.0,44.0,7.0,20.0,210.0,130.0,42.0,20.0,171.0,89.0,29.0,127.0,86.0,38.0,62.0,17.0,45.0,61.0,56.0,10.0,6.0,2.0,4.0,2.0,6.0,6.0,159.0,163.0,162.0,25.0,5.0,1259.0,960.0,6957.0,5,0.0,324.0,0.24285714285714285,0.6190476190476191,0.6771653543307087,0.9938650306748467,11.6,10.2,8.8,1.4,4.0,42.0,26.0,8.4,4.0,34.2,17.8,5.8,25.4,17.2,7.6,12.4,3.4,9.0,12.2,11.2,2.0,1.2,0.4,0.8,0.4,1.2,1.2,31.8,32.6,32.4,5.0,1.0,251.8,192.0,1391.4,1.0,0.0,64.8,0.7625099285146942,5.525814138204924,3.8858024691358026,2.962962962962963,1:55:57,23:11
2024,ARC,Archers,last_5,5,2024-08-10,2024-09-15,ATL|CHA|OUT|RED|WHP,59.0,54.0,49.0,5.0,25.0,185.0,115.0,33.0,17.0,148.0,97.0,33.0,115.0,54.0,59.0,84.0,27.0,57.0,45.0,41.0,13.0,10.5,5.0,12.0,5.0,14.0,11.0,160.0,160.0,156.0,16.0,4.0,1200.0,918.0,6610.0,5,0.0,298.0,0.2918918918918919,0.6216216216216216,0.46956521739130436,0.975,11.8,10.8,9.8,1.0,5.0,37.0,23.0,6.6,3.4,29.6,19.4,6.6,23.0,10.8,11.8,16.8,5.4,11.4,9.0,8.2,2.6,2.1,1.0,2.4,1.0,2.8,2.2,32.0,32.0,31.2,3.2,0.8,240.0,183.6,1322.0,1.0,0.0,59.6,0.765,5.508333333333334,4.026845637583893,3.0805369127516777,1:50:10,22:02
2024,ATL,Atlas,last_5,5,2024-07-20,2024-09-07,ARC|CAN|WAT|WHP,62.0,59.0,56.0,3.0,28.0,222.0,147.0,21.0,10.0,202.0,100.0,46.0,135.0,87.0,47.0,62.0,28.0,34.0,64.0,56.0,12.0,6.5,3.0,17.0,2.0,13.0,12.0,168.0,165.0,162.0,20.0,8.0,1348.0,1026.0,6802.0,5,0.0,342.0,0.26576576576576577,0.6621621621621622,0.6444444444444445,0.9818181818181818,12.4,11.8,11.2,0.6,5.6,44.4,29.4,4.2,2.0,40.4,20.0,9.2,27.0,17.4,9.4,12.4,5.6,6.8,12.8,11.2,2.4,1.3,0.6,3.4,0.4,2.6,2.4,33.6,33.0,32.4,4.0,1.6,269.6,205.2,1360.4,1.0,0.0,68.4,0.7611275964391692,5.045994065281899,3.9415204678362574,3.0,1:53:22,22:40
2024,CAN,Cannons,last_5,5,2024-07-20,2024-09-02,ATL|CHA|OUT|WHP,58.0,53.0,48.0,5.0,23.0,214.0,126.0,42.0,20.0,143.0,74.0,43.0,124.0,53.0,71.0,63.0,22.0,41.0,56.0,53.0,16.0,11.5,3.0,17.0,4.0,11.0,15.0,167.0,148.0,147.0,15.0,3.0,1323.0,1035.0,6502.0,5,0.0,303.0,0.24766355140186916,0.5887850467289719,0.4274193548387097,0.9932432432432432,11.6,10.6,9.6,1.0,4.6,42.8,25.2,8.4,4.0,28.6,14.8,8.6,24.8,10.6,14.2,12.6,4.4,8.2,11.2,10.6,3.2,2.3,0.6,3.4,0.8,2.2,3.0,33.4,29.6,29.4,3.0,0.6,264.6,207.0,1300.4,1.0,0.0,60.6,0.782312925170068,4.9145880574452,4.366336633663367,3.4158415841584158,1:48:22,21:40
2024,CHA,Chaos,last_5,5,2024-08-04,2024-09-07,ARC|CAN|OUT,38.0,38.0,38.0,0.0,20.0,203.0,111.0,24.0,8.0,139.0,83.0,31.0,106.0,42.0,62.0,63.0,19.0,44.0,49.0,48.0,19.0,16.5,4.0,12.0,5.0,15.0,15.0,140.0,146.0,144.0,17.0,1.0,1231.0,945.0,6506.0,5,0.0,303.0,0.18719211822660098,0.5467980295566502,0.39622641509433965,0.9863013698630136,7.6,7.6,7.6,0.0,4.0,40.6,22.2,4.8,1.6,27.8,16.6,6.2,21.2,8.4,12.4,12.6,3.8,8.8,9.8,9.6,3.8,3.3,0.8,2.4,1.0,3.0,3.0,28.0,29.2,28.8,3.4,0.2,246.2,189.0,1301.2,1.0,0.0,60.6,0.7676685621445979,5.285134037367993,4.0627062706270625,3.118811881188119,1:48:26,21:41
2024,OUT,Outlaws,last_5,5,2024-08-03,2024-09-02,ARC|CHA|RED|WHP,56.0,51.0,46.0,5.0,22.0,209.0,121.0,33.0,23.0,144.0,81.0,29.0,118.0,50.0,66.0,62.0,18.0,44.0,49.0,47.0,16.0,11.5,3.0,10.0,5.0,10.0,13.0,157.0,146.0,144.0,20.0,2.0,1265.0,975.0,6681.0,5,0.0,310.0,0.24401913875598086,0.5789473684210527,0.423728813559322,0.9863013698630136,11.2,10.2,9.2,1.0,4.4,41.8,24.2,6.6,4.6,28.8,16.2,5.8,23.6,10.0,13.2,12.4,3.6,8.8,9.8,9.4,3.2,2.3,0.6,2.0,1.0,2.0,2.6,31.4,29.2,28.8,4.0,0.4,253.0,195.0,1336.2,1.0,0.0,62.0,0.7707509881422925,5.281422924901186,4.080645161290323,3.1451612903225805,1:51:21,22:16
2024,RED,Redwoods,last_5,5,2024-07-27,2024-08-17,ARC|CHA|OUT|WAT|WHP,53.0,46.0,39.0,7.0,22.0,193.0,118.0,31.0,19.0,166.0,100.0,41.0,127.0,68.0,58.0,60.0,19.0,41.0,69.0,61.0,12.0,8.0,4.0,14.0,3.0,12.0,9.0,160.0,160.0,155.0,25.0,8.0,1376.0,1083.0,6349.0,5,0.0,318.0,0.23834196891191708,0.6113989637305699,0.5354330708661418,0.96875,10.6,9.2,7.8,1.4,4.4,38.6,23.6,6.2,3.8,33.2,20.0,8.2,25.4,13.6,11.6,12.0,3.8,8.2,13.8,12.2,2.4,1.6,0.8,2.8,0.6,2.4,1.8,32.0,32.0,31.0,5.0,1.6,275.2,216.6,1269.8,1.0,0.0,63.6,0.7870639534883721,4.614098837209302,4.327044025157233,3.4056603773584904,1:45:49,21:10
2024,WAT,Waterdogs,last_5,5,2024-07-19,2024-08-17,ATL|OUT|RED|WHP,55.0,49.0,43.0,6.0,29.0,214.0,140.0,38.0,23.0,171.0,91.0,37.0,129.0,52.0,77.0,64.0,18.0,46.0,64.0,60.0,10.0,6.5,3.0,9.0,3.0,11.0,10.0,166.0,168.0,165.0,15.0,4.0,1229.0,924.0,6702.0,5,0.0,320.0,0.22897196261682243,0.6542056074766355,0.40310077519379844,0.9821428571428571,11.0,9.8,8.6,1.2,5.8,42.8,28.0,7.6,4.6,34.2,18.2,7.4,25.8,10.4,15.4,12.8,3.6,9.2,12.8,12.0,2.0,1.3,0.6,1.8,0.6,2.2,2.0,33.2,33.6,33.0,3.0,0.8,245.8,184.8,1340.4,1.0,0.0,64.0,0.7518307567127747,5.453213995117982,3.840625,2.8875,1:51:42,22:20
2024,WHP,Whipsnakes,last_5,5,2024-08-04,2024-09-15,ARC|ATL|CAN|OUT,63.0,61.0,59.0,2.0,26.0,225.0,136.0,28.0,14.0,186.0,93.0,34.0,130.0,78.0,48.0,60.0,27.0,33.0,56.0,51.0,11.0,6.0,3.0,6.0,0.0,7.0,10.0,161.0,180.0,174.0,23.0,5.0,1233.0,915.0,6882.0,5,0.0,341.0,0.27111111111111114,0.6044444444444445,0.6,0.9666666666666667,12.6,12.2,11.8,0.4,5.2,45.0,27.2,5.6,2.8,37.2,18.6,6.8,26.0,15.6,9.6,12.0,5.4,6.6,11.2,10.2,2.2,1.2,0.6,1.2,0.0,1.4,2.0,32.2,36.0,34.8,4.6,1.0,246.6,183.0,1376.4,1.0,0.0,68.2,0.7420924574209246,5.581508515815085,3.6158357771260996,2.6832844574780057,1:54:42,22:56
2025,ARC,Archers,last_5,5,2025-07-12,2025-08-09,CHA|OUT|RED|WAT,52.0,47.0,42.0,5.0,27.0,178.0,108.0,30.0,17.0,129.0,87.0,34.0,120.0,34.0,84.0,79.0,23.0,56.0,61.0,54.0,15.0,11.0,4.0,10.0,4.0,10.0,13.0,158.0,155.0,152.0,10.0,7.0,1169.0,904.0,6107.0,5,0.0,275.0,0.2640449438202247,0.6067415730337079,0.2833333333333333,0.9806451612903225,10.4,9.4,8.4,1.0,5.4,35.6,21.6,6.0,3.4,25.8,17.4,6.8,24.0,6.8,16.8,15.8,4.6,11.2,12.2,10.8,3.0,2.2,0.8,2.0,0.8,2.0,2.6,31.6,31.0,30.4,2.0,1.4,233.8,180.8,1221.4,1.0,0.0,55.0,0.7733105218135158,5.224123182207014,4.250909090909091,3.287272727272727,1:41:47,20:21
2025,ATL,Atlas,last_5,5,2025-07-26,2025-09-14,OUT|WAT|WHP,70.0,68.0,66.0,2.0,43.0,211.0,138.0,23.0,10.0,177.0,92.0,33.0,145.0,84.0,59.0,82.0,28.0,54.0,64.0,58.0,18.0,11.5,5.0,13.0,2.0,11.0,17.0,161.0,164.0,164.0,27.0,6.0,1253.0,950.0,6599.0,5,0.0,330.0,0.3222748815165877,0.6540284360189573,0.5793103448275863,1.0,14.0,13.6,13.2,0.4,8.6,42.2,27.6,4.6,2.0,35.4,18.4,6.6,29.0,16.8,11.8,16.4,5.6,10.8,12.8,11.6,3.6,2.3,1.0,2.6,0.4,2.2,3.4,32.2,32.8,32.8,5.4,1.2,250.6,190.0,1319.8,1.0,0.0,66.0,0.7581803671189146,5.266560255387071,3.796969696969697,2.878787878787879,1:49:59,22:00
2025,CAN,Cannons,last_5,5,2025-07-11,2025-08-09,ATL|OUT|RED|WAT|WHP,66.0,59.0,52.0,7.0,34.0,192.0,123.0,36.0,23.0,116.0,79.0,32.0,155.0,64.0,91.0,62.0,25.0,37.0,78.0,76.0,19.0,16.5,5.0,11.0,7.0,12.0,18.0,164.0,135.0,132.0,16.0,2.0,1247.0,976.0,6396.0,5,0.0,287.0,0.3072916666666667,0.640625,0.4129032258064516,0.9777777777777777,13.2,11.8,10.4,1.4,6.8,38.4,24.6,7.2,4.6,23.2,15.8,6.4,31.0,12.8,18.2,12.4,5.0,7.4,15.6,15.2,3.8,3.3,1.0,2.2,1.4,2.4,3.6,32.8,27.0,26.4,3.2,0.4,249.4,195.2,1279.2,1.0,0.0,57.4,0.7826784282277466,5.129109863672815,4.344947735191638,3.4006968641114983,1:46:36,21:19
2025,CHA,Chaos,last_5,5,2025-07-19,2025-08-24,ARC|OUT|RED|WAT,60.0,57.0,54.0,3.0,23.0,229.0,146.0,30.0,18.0,161.0,89.0,33.0,132.0,79.0,52.0,60.0,24.0,36.0,62.0,55.0,13.0,11.5,4.0,10.0,2.0,11.0,10.0,169.0,170.0,168.0,24.0,7.0,1375.0,1057.0,6787.0,5,0.0,342.0,0.24890829694323144,0.6375545851528385,0.5984848484848485,0.9882352941176471,12.0,11.4,10.8,0.6,4.6,45.8,29.2,6.0,3.6,32.2,17.8,6.6,26.4,15.8,10.4,12.0,4.8,7.2,12.4,11.0,2.6,2.3,0.8,2.0,0.4,2.2,2.0,33.8,34.0,33.6,4.8,1.4,275.0,211.4,1357.4,1.0,0.0,68.4,0.7687272727272727,4.936,4.02046783625731,3.090643274853801,1:53:07,22:37
2025,OUT,Outlaws,last_5,5,2025-07-27,2025-09-14,ARC|ATL|CHA|RED,64.0,57.0,50.0,7.0,27.0,233.0,135.0,45.0,24.0,145.0,85.0,28.0,126.0,58.0,67.0,58.0,35.0,23.0,55.0,51.0,9.0,6.0,3.0,17.0,4.0,18.0,8.0,166.0,159.0,153.0,17.0,4.0,1429.0,1111.0,7073.0,5,0.0,335.0,0.2446351931330472,0.5793991416309013,0.4603174603174603,0.9622641509433962,12.8,11.4,10.0,1.4,5.4,46.6,27.0,9.0,4.8,29.0,17.0,5.6,25.2,11.6,13.4,11.6,7.0,4.6,11.0,10.2,1.8,1.2,0.6,3.4,0.8,3.6,1.6,33.2,31.8,30.6,3.4,0.8,285.8,222.2,1414.6,1.0,0.0,67.0,0.7774667599720084,4.9496151154653605,4.2656716417910445,3.316417910447761,1:57:53,23:35
2025,RED,Redwoods,last_5,5,2025-07-26,2025-09-01,ARC|CAN|CHA|OUT|WHP,62.0,59.0,56.0,3.0,24.0,219.0,129.0,31.0,17.0,156.0,82.0,31.0,136.0,79.0,57.0,71.0,19.0,52.0,62.0,58.0,14.0,9.0,4.0,9.0,7.0,14.0,15.0,149.0,165.0,163.0,31.0,4.0,1300.0,999.0,7279.0,5,0.0,332.0,0.2694063926940639,0.589041095890411,0.5808823529411765,0.9878787878787879,12.4,11.8,11.2,0.6,4.8,43.8,25.8,6.2,3.4,31.2,16.4,6.2,27.2,15.8,11.4,14.2,3.8,10.4,12.4,11.6,2.8,1.8,0.8,1.8,1.4,2.8,3.0,29.8,33.0,32.6,6.2,0.8,260.0,199.8,1455.8,1.0,0.0,66.4,0.7684615384615384,5.599230769230769,3.9156626506024095,3.0090361445783134,2:01:19,24:16
2025,WAT,Waterdogs,last_5,5,2025-07-26,2025-09-01,ATL|CAN|CHA|WHP,68.0,61.0,54.0,7.0,35.0,221.0,147.0,30.0,17.0,165.0,81.0,42.0,147.0,61.0,85.0,54.0,21.0,33.0,73.0,67.0,13.0,11.0,6.0,18.0,5.0,15.0,10.0,155.0,163.0,159.0,19.0,6.0,1274.0,972.0,6741.0,5,0.0,321.0,0.27601809954751133,0.665158371040724,0.41496598639455784,0.9754601226993865,13.6,12.2,10.8,1.4,7.0,44.2,29.4,6.0,3.4,33.0,16.2,8.4,29.4,12.2,17.0,10.8,4.2,6.6,14.6,13.4,2.6,2.2,1.2,3.6,1.0,3.0,2.0,31.0,32.6,31.8,3.8,1.2,254.8,194.4,1348.2,1.0,0.0,64.2,0.7629513343799058,5.291208791208791,3.9688473520249223,3.02803738317757,1:52:21,22:28
2025,WHP,Whipsnakes,last_5,5,2025-07-20,2025-08-23,ATL|CAN|RED|WAT,58.0,55.0,52.0,3.0,24.0,209.0,135.0,23.0,14.0,145.0,83.0,34.0,129.0,68.0,60.0,65.0,27.0,38.0,54.0,54.0,11.0,7.0,5.0,9.0,3.0,8.0,10.0,150.0,154.0,152.0,23.0,0.0,1325.0,1033.0,6542.0,5,0.0,315.0,0.2631578947368421,0.645933014354067,0.5271317829457365,0.987012987012987,11.6,11.0,10.4,0.6,4.8,41.8,27.0,4.6,2.8,29.0,16.6,6.8,25.8,13.6,12.0,13.0,5.4,7.6,10.8,10.8,2.2,1.4,1.0,1.8,0.6,1.6,2.0,30.0,30.8,30.4,4.6,0.0,265.0,206.6,1308.4,1.0,0.0,63.0,0.779622641509434,4.937358490566038,4.2063492063492065,3.2793650793650793,1:49:02,21:48
2026,ARC,Archers,last_5,5,2026-07-18,2026-08-08,CAN|CHA|OUT|WAT|WHP,67.0,60.0,53.0,7.0,32.0,205.0,120.0,30.0,14.0,162.0,80.0,35.0,126.0,70.0,55.0,63.0,26.0,37.0,50.0,47.0,24.0,21.0,6.0,15.0,4.0,18.0,16.0,148.0,160.0,159.0,24.0,3.0,1311.0,1026.0,6816.0,5,166.0,309.0,0.2926829268292683,0.5853658536585366,0.5555555555555556,0.99375,13.4,12.0,10.6,1.4,6.4,41.0,24.0,6.0,2.8,32.4,16.0,7.0,25.2,14.0,11.0,12.6,5.2,7.4,10.0,9.4,4.8,4.2,1.2,3.0,0.8,3.6,3.2,29.6,32.0,31.8,4.8,0.6,262.2,205.2,1363.2,1.0,33.2,61.8,0.782608695652174,5.19908466819222,4.242718446601942,3.320388349514563,1:53:36,22:43
2026,ATL,Atlas,last_5,5,2026-07-19,2026-08-15,CAN|OUT|RED|WAT,55.0,48.0,41.0,7.0,22.0,205.0,133.0,36.0,22.0,170.0,80.0,34.0,139.0,64.0,73.0,53.0,17.0,36.0,79.0,73.0,14.0,11.0,4.0,15.0,6.0,13.0,12.0,157.0,151.0,146.0,16.0,6.0,1241.0,956.0,6549.0,5,203.0,301.0,0.23414634146341465,0.6487804878048781,0.460431654676259,0.9668874172185431,11.0,9.6,8.2,1.4,4.4,41.0,26.6,7.2,4.4,34.0,16.0,6.8,27.8,12.8,14.6,10.6,3.4,7.2,15.8,14.6,2.8,2.2,0.8,3.0,1.2,2.6,2.4,31.4,30.2,29.2,3.2,1.2,248.2,191.2,1309.8,1.0,40.6,60.2,0.7703464947622884,5.277195809830782,4.122923588039867,3.176079734219269,1:49:09,21:50
2026,CAN,Cannons,last_5,5,2026-07-25,2026-08-30,ARC|CHA|RED|WHP,58.0,54.0,50.0,4.0,22.0,216.0,134.0,29.0,19.0,177.0,89.0,47.0,121.0,80.0,41.0,62.0,20.0,42.0,48.0,48.0,23.0,19.0,2.0,6.0,7.0,11.0,21.0,141.0,152.0,146.0,23.0,0.0,1446.0,1141.0,6961.0,5,186.0,328.0,0.25,0.6203703703703703,0.6611570247933884,0.9605263157894737,11.6,10.8,10.0,0.8,4.4,43.2,26.8,5.8,3.8,35.4,17.8,9.4,24.2,16.0,8.2,12.4,4.0,8.4,9.6,9.6,4.6,3.8,0.4,1.2,1.4,2.2,4.2,28.2,30.4,29.2,4.6,0.0,289.2,228.2,1392.2,1.0,37.2,65.6,0.789073305670816,4.813969571230982,4.408536585365853,3.4786585365853657,1:56:01,23:12
2026,CHA,Chaos,last_5,5,2026-07-18,2026-08-08,ARC|CAN|OUT|RED|WAT,51.0,49.0,47.0,2.0,23.0,185.0,113.0,19.0,14.0,122.0,84.0,47.0,122.0,26.0,94.0,66.0,22.0,44.0,58.0,55.0,13.0,10.5,3.0,6.0,3.0,10.0,14.0,179.0,153.0,150.0,11.0,3.0,1229.0,960.0,6635.0,5,122.0,280.0,0.2648648648648649,0.6108108108108108,0.21311475409836064,0.9803921568627451,10.2,9.8,9.4,0.4,4.6,37.0,22.6,3.8,2.8,24.4,16.8,9.4,24.4,5.2,18.8,13.2,4.4,8.8,11.6,11.0,2.6,2.1,0.6,1.2,0.6,2.0,2.8,35.8,30.6,30.0,2.2,0.6,245.8,192.0,1327.0,1.0,24.4,56.0,0.7811228641171685,5.398698128559805,4.389285714285714,3.4285714285714284,1:50:35,22:07
2026,OUT,Outlaws,last_5,5,2026-07-26,2026-08-29,ATL|RED|WAT|WHP,62.0,55.0,48.0,7.0,34.0,185.0,122.0,30.0,15.0,150.0,97.0,35.0,141.0,72.0,65.0,60.0,28.0,32.0,72.0,66.0,13.0,9.5,3.0,4.0,10.0,6.0,16.0,174.0,159.0,155.0,8.0,6.0,1264.0,982.0,6096.0,5,223.0,290.0,0.2972972972972973,0.6594594594594595,0.5106382978723404,0.9748427672955975,12.4,11.0,9.6,1.4,6.8,37.0,24.4,6.0,3.0,30.0,19.4,7.0,28.2,14.4,13.0,12.0,5.6,6.4,14.4,13.2,2.6,1.9,0.6,0.8,2.0,1.2,3.2,34.8,31.8,31.0,1.6,1.2,252.8,196.4,1219.2,1.0,44.6,58.0,0.7768987341772152,4.822784810126582,4.358620689655172,3.386206896551724,1:41:36,20:19
2026,RED,Redwoods,last_5,5,2026-07-31,2026-08-29,ATL|CAN|CHA|OUT,72.0,70.0,68.0,2.0,45.0,222.0,143.0,23.0,14.0,175.0,99.0,45.0,143.0,89.0,53.0,59.0,18.0,41.0,63.0,55.0,8.0,8.0,10.0,17.0,1.0,16.0,7.0,145.0,185.0,179.0,23.0,8.0,1437.0,1116.0,7521.0,5,197.0,344.0,0.3153153153153153,0.6441441441441441,0.6223776223776224,0.9675675675675676,14.4,14.0,13.6,0.4,9.0,44.4,28.6,4.6,2.8,35.0,19.8,9.0,28.6,17.8,10.6,11.8,3.6,8.2,12.6,11.0,1.6,1.6,2.0,3.4,0.2,3.2,1.4,29.0,37.0,35.8,4.6,1.6,287.4,223.2,1504.2,1.0,39.4,68.8,0.7766179540709812,5.233820459290188,4.1773255813953485,3.244186046511628,2:05:21,25:04
2026,WAT,Waterdogs,last_5,5,2026-07-25,2026-08-16,ATL|CHA|OUT|WHP,71.0,65.0,59.0,6.0,33.0,202.0,133.0,29.0,18.0,154.0,87.0,43.0,123.0,72.0,49.0,77.0,36.0,41.0,43.0,39.0,13.0,11.0,4.0,13.0,4.0,10.0,11.0,141.0,156.0,155.0,28.0,4.0,1355.0,1066.0,6662.0,5,179.0,317.0,0.3217821782178218,0.6584158415841584,0.5853658536585366,0.9935897435897436,14.2,13.0,11.8,1.2,6.6,40.4,26.6,5.8,3.6,30.8,17.4,8.6,24.6,14.4,9.8,15.4,7.2,8.2,8.6,7.8,2.6,2.2,0.8,2.6,0.8,2.0,2.2,28.2,31.2,31.0,5.6,0.8,271.0,213.2,1332.4,1.0,35.8,63.4,0.7867158671586716,4.91660516605166,4.274447949526814,3.362776025236593,1:51:02,22:12
2026,WHP,Whipsnakes,last_5,5,2026-07-25,2026-08-30,ARC|CAN|OUT|WAT,49.0,48.0,47.0,1.0,25.0,204.0,129.0,16.0,12.0,118.0,73.0,36.0,126.0,41.0,85.0,68.0,19.0,49.0,61.0,58.0,9.0,7.0,7.0,15.0,2.0,19.0,8.0,159.0,144.0,137.0,12.0,3.0,1388.0,1111.0,6621.0,5,194.0,289.0,0.23529411764705882,0.6323529411764706,0.3253968253968254,0.9513888888888888,9.8,9.6,9.4,0.2,5.0,40.8,25.8,3.2,2.4,23.6,14.6,7.2,25.2,8.2,17.0,13.6,3.8,9.8,12.2,11.6,1.8,1.4,1.4,3.0,0.4,3.8,1.6,31.8,28.8,27.4,2.4,0.6,277.6,222.2,1324.2,1.0,38.8,57.8,0.8004322766570605,4.770172910662824,4.802768166089965,3.8442906574394464,1:50:21,22:04
