season,competition_type,game_id,schedule_slug,game_slug,game_number,week,game_date_utc,team_id_raw,team_name_raw,opponent_team_id_raw,opponent_team_name_raw,team_id,team_name,opponent_team_id,opponent_team_name,is_home,scores,goals,one_point_goals,two_point_goals,assists,shots,shot_pct,shots_on_goal,shots_on_goal_pct,two_point_shots,two_point_shot_pct,two_point_shots_on_goal,ground_balls,turnovers,caused_turnovers,faceoff_pct,faceoffs,faceoffs_won,faceoffs_lost,saves,clean_saves,messy_saves,save_pct,clean_save_pct,scores_against,goals_against,num_penalties,pim,power_play_pct,power_play_goals,power_play_shots,power_play_goals_against,power_play_goals_against_pct,times_man_up,times_short_handed,man_down_pct,ride_attempts,clear_attempts,clears,clear_pct,shot_clock_expirations,two_point_goals_against,touches,total_passes,time_in_possession,time_in_possession_pct,total_possessions,source_path,total_possessions_raw,time_in_possession_raw,time_in_possession_pct_raw,official_total_possessions,offensive_sequence_proxy,implied_game_clock_seconds,possession_data_status,possession_time_available,median_implied_game_clock,median_implied_game_clock_display,implied_clock_range,possession_data_note,time_in_possession_available_game,time_in_possession_display,time_in_possession_pct_display,implied_game_clock_display,passes_per_touch,seconds_possession_per_touch,touches_per_offensive_sequence_proxy,passes_per_offensive_sequence_proxy,win_flag,loss_flag,tie_flag,score_margin,result,home_team_id,away_team_id,home_score,away_score,manifest_score,manifest_score_diff
2026,regular,2026_game_9,2026-ev-9,2026-ev-9,9,3,2026-05-29,CAN,Cannons,WHP,Whipsnakes,CAN,Cannons,WHP,Whipsnakes,0,10,9,8,1,4,36,0.25,21,0.58333,9,0.11111,6,34,17,5,0.46667,30,14,16,15,8,7,0.46875,0.5333333333333333,17,17,2,1.5,0.0,0,1,2,1.0,1,2,0.0,29,26,26,1.0,2,0,256,203,1239.0,0.43021,41,/home/runner/work/PLL_Analytics/PLL_Analytics/data/source_data/api_responses/season_2026/game_2026-ev-9/team_game_stats.json.gz,41,1239,0.43021,41.0,55,2879.988842658237,normal,True,2879.9829750042063,48:00,0.011735308061361138,Normal possession clock.,1,20:39,43.02%,48:00,0.79296875,4.83984375,4.654545454545454,3.690909090909091,0.0,1.0,0.0,-7.0,L,WHP,CAN,0,0,0.0,10.0
2026,regular,2026_game_9,2026-ev-9,2026-ev-9,9,3,2026-05-29,WHP,Whipsnakes,CAN,Cannons,WHP,Whipsnakes,CAN,Cannons,1,17,17,17,0,11,49,0.34694,34,0.69388,2,0.0,1,33,12,7,0.53333,30,16,14,10,7,3,0.52632,0.7,10,9,1,0.5,1.0,2,3,0,0.0,2,1,1.0,26,29,27,0.93103,5,1,293,232,1409.0,0.48924,47,/home/runner/work/PLL_Analytics/PLL_Analytics/data/source_data/api_responses/season_2026/game_2026-ev-9/team_game_stats.json.gz,47,1409,0.48924,47.0,66,2879.9771073501756,normal,True,2879.9829750042063,48:00,0.011735308061361138,Normal possession clock.,1,23:29,48.92%,48:00,0.7918088737201365,4.808873720136519,4.4393939393939394,3.515151515151515,1.0,0.0,0.0,7.0,W,WHP,CAN,0,0,0.0,17.0
2026,regular,2026_game_10,2026-ev-10,2026-ev-10,10,3,2026-05-30,ATL,Atlas,OUT,Outlaws,ATL,Atlas,OUT,Outlaws,0,9,8,7,1,3,33,0.24242,21,0.63636,5,0.2,4,32,20,5,0.62963,27,17,10,20,9,11,0.57143,0.45,16,15,3,2.0,0.0,0,2,0,0.0,2,3,1.0,33,31,31,1.0,1,1,216,163,1258.0,0.43469,47,/home/runner/work/PLL_Analytics/PLL_Analytics/data/source_data/api_responses/season_2026/game_2026-ev-10/team_game_stats.json.gz,47,1258,0.43469,47.0,54,2894.016425498631,normal,True,2894.014253971775,48:14,0.004343053712545952,Normal possession clock.,1,20:58,43.47%,48:14,0.7546296296296297,5.824074074074074,4.0,3.0185185185185186,0.0,1.0,0.0,-7.0,L,OUT,ATL,0,0,0.0,9.0
2026,regular,2026_game_10,2026-ev-10,2026-ev-10,10,3,2026-05-30,OUT,Outlaws,ATL,Atlas,OUT,Outlaws,ATL,Atlas,1,16,15,14,1,9,59,0.25424,38,0.64407,7,0.14286,4,22,10,7,0.37037,27,10,17,11,9,2,0.57895,0.8181818181818182,9,8,2,2.5,0.0,0,4,0,0.0,3,2,1.0,31,33,33,1.0,2,1,269,200,1303.0,0.45024,44,/home/runner/work/PLL_Analytics/PLL_Analytics/data/source_data/api_responses/season_2026/game_2026-ev-10/team_game_stats.json.gz,44,1303,0.45024,44.0,71,2894.0120824449186,normal,True,2894.014253971775,48:14,0.004343053712545952,Normal possession clock.,1,21:43,45.02%,48:14,0.7434944237918215,4.843866171003717,3.788732394366197,2.816901408450704,1.0,0.0,0.0,7.0,W,OUT,ATL,0,0,0.0,16.0
2026,regular,2026_game_11,2026-ev-11,2026-ev-11,11,3,2026-05-30,ARC,Archers,WHP,Whipsnakes,ARC,Archers,WHP,Whipsnakes,0,5,5,5,0,3,31,0.16129,20,0.64516,6,0.0,3,35,22,6,0.64706,17,11,6,12,5,7,0.6,0.4166666666666667,8,8,8,7.0,0.33333,1,4,1,0.33333,3,3,0.66667,30,28,27,0.96429,7,0,240,187,1236.0,0.42917,39,/home/runner/work/PLL_Analytics/PLL_Analytics/data/source_data/api_responses/season_2026/game_2026-ev-11/team_game_stats.json.gz,39,1236,0.42917,39.0,60,2879.9776312416993,normal,True,2879.9981436164962,48:00,0.04102474959427127,Normal possession clock.,1,20:36,42.92%,48:00,0.7791666666666667,5.15,4.0,3.1166666666666667,0.0,1.0,0.0,-3.0,L,WHP,ARC,0,0,0.0,5.0
2026,regular,2026_game_11,2026-ev-11,2026-ev-11,11,3,2026-05-30,WHP,Whipsnakes,ARC,Archers,WHP,Whipsnakes,ARC,Archers,1,8,8,8,0,4,40,0.2,21,0.525,3,0.0,2,20,16,3,0.35294,17,6,11,13,3,10,0.72222,0.23076923076923078,5,5,5,5.0,0.33333,1,3,1,0.33333,3,3,0.66667,28,30,29,0.96667,4,0,312,256,1482.0,0.51458,38,/home/runner/work/PLL_Analytics/PLL_Analytics/data/source_data/api_responses/season_2026/game_2026-ev-11/team_game_stats.json.gz,38,1482,0.51458,38.0,60,2880.0186559912936,normal,True,2879.9981436164962,48:00,0.04102474959427127,Normal possession clock.,1,24:42,51.46%,48:00,0.8205128205128205,4.75,5.2,4.266666666666667,1.0,0.0,0.0,3.0,W,WHP,ARC,0,0,0.0,8.0
2026,regular,2026_game_12,2026-ev-12,2026-ev-12,12,3,2026-05-31,CHA,Chaos,WAT,Waterdogs,CHA,Chaos,WAT,Waterdogs,0,10,10,10,0,3,38,0.26316,25,0.65789,5,0.0,3,25,12,2,0.54545,22,12,10,14,4,10,0.63636,0.2857142857142857,8,8,5,5.5,0.0,0,0,1,0.33333,1,3,0.66667,27,32,31,0.96875,3,0,242,192,1345.0,0.46701,41,/home/runner/work/PLL_Analytics/PLL_Analytics/data/source_data/api_responses/season_2026/game_2026-ev-12/team_game_stats.json.gz,41,1345,0.46701,41.0,53,2880.023982355838,normal,True,2880.0171687246248,48:00,0.013627262426780362,Normal possession clock.,1,22:25,46.70%,48:00,0.7933884297520661,5.5578512396694215,4.566037735849057,3.6226415094339623,1.0,0.0,0.0,2.0,W,WAT,CHA,0,0,0.0,10.0
2026,regular,2026_game_12,2026-ev-12,2026-ev-12,12,3,2026-05-31,WAT,Waterdogs,CHA,Chaos,WAT,Waterdogs,CHA,Chaos,1,8,8,8,0,6,45,0.17778,27,0.6,6,0.0,2,30,14,5,0.45455,22,10,12,14,5,9,0.58333,0.35714285714285715,10,10,1,1.0,0.33333,1,4,0,0.0,3,1,1.0,32,27,27,1.0,2,0,287,228,1335.0,0.46354,37,/home/runner/work/PLL_Analytics/PLL_Analytics/data/source_data/api_responses/season_2026/game_2026-ev-12/team_game_stats.json.gz,37,1335,0.46354,37.0,61,2880.0103550934114,normal,True,2880.0171687246248,48:00,0.013627262426780362,Normal possession clock.,1,22:15,46.35%,48:00,0.794425087108014,4.651567944250871,4.704918032786885,3.737704918032787,0.0,1.0,0.0,-2.0,L,WAT,CHA,0,0,0.0,8.0
2026,regular,2026_game_13,2026-ev-13,2026-ev-13,13,4,2026-06-05,ARC,Archers,CHA,Chaos,ARC,Archers,CHA,Chaos,0,15,15,15,0,9,53,0.28302,32,0.60377,1,0.0,0,31,19,3,0.65385,26,17,8,15,8,7,0.68182,0.5333333333333333,7,7,3,2.0,0.5,1,1,1,0.33333,2,3,0.66667,29,31,31,1.0,7,0,299,227,1449.0,0.50312,46,/home/runner/work/PLL_Analytics/PLL_Analytics/data/source_data/api_responses/season_2026/game_2026-ev-13/team_game_stats.json.gz,46,1449,0.50312,46.0,79,2880.0286214024486,normal,True,2880.021889688482,48:00,0.013463427932947525,Normal possession clock.,1,24:09,50.31%,48:00,0.7591973244147158,4.846153846153846,3.7848101265822787,2.8734177215189876,1.0,0.0,0.0,8.0,W,CHA,ARC,0,0,0.0,15.0
2026,regular,2026_game_13,2026-ev-13,2026-ev-13,13,4,2026-06-05,CHA,Chaos,ARC,Archers,CHA,Chaos,ARC,Archers,1,7,7,7,0,3,38,0.18421,24,0.63158,7,0.0,3,21,11,9,0.30769,26,8,17,17,3,14,0.53125,0.17647058823529413,15,15,2,1.5,0.33333,1,1,1,0.5,3,2,0.5,31,29,29,1.0,1,0,245,196,1216.0,0.42222,38,/home/runner/work/PLL_Analytics/PLL_Analytics/data/source_data/api_responses/season_2026/game_2026-ev-13/team_game_stats.json.gz,38,1216,0.42222,38.0,50,2880.0151579745157,normal,True,2880.021889688482,48:00,0.013463427932947525,Normal possession clock.,1,20:16,42.22%,48:00,0.8,4.963265306122449,4.9,3.92,0.0,1.0,0.0,-8.0,L,CHA,ARC,0,0,0.0,7.0
2026,regular,2026_game_14,2026-ev-14,2026-ev-14,14,4,2026-06-06,ATL,Atlas,RED,Redwoods,ATL,Atlas,RED,Redwoods,1,11,10,9,1,6,50,0.2,29,0.58,5,0.2,3,45,20,11,0.53846,26,14,12,7,3,4,0.36842,0.42857142857142855,12,12,1,0.5,0.0,0,2,0,0.0,2,1,1.0,32,31,30,0.96774,4,0,239,169,1256.0,0.43611,47,/home/runner/work/PLL_Analytics/PLL_Analytics/data/source_data/api_responses/season_2026/game_2026-ev-14/team_game_stats.json.gz,47,1256,0.43611,47.0,74,2880.0073375983125,normal,True,2880.0020405324462,48:00,0.010594131732432288,Normal possession clock.,1,20:56,43.61%,48:00,0.7071129707112971,5.2552301255230125,3.22972972972973,2.2837837837837838,0.0,1.0,0.0,-1.0,L,ATL,RED,0,0,0.0,11.0
2026,regular,2026_game_14,2026-ev-14,2026-ev-14,14,4,2026-06-06,RED,Redwoods,ATL,Atlas,RED,Redwoods,ATL,Atlas,0,12,12,12,0,8,37,0.32432,19,0.51351,2,0.0,1,29,23,6,0.46154,26,12,14,15,2,13,0.6,0.13333333333333333,11,10,2,1.5,0.0,0,0,0,0.0,1,2,1.0,31,32,32,1.0,1,1,219,159,1415.0,0.49132,46,/home/runner/work/PLL_Analytics/PLL_Analytics/data/source_data/api_responses/season_2026/game_2026-ev-14/team_game_stats.json.gz,46,1415,0.49132,46.0,61,2879.99674346658,normal,True,2880.0020405324462,48:00,0.010594131732432288,Normal possession clock.,1,23:35,49.13%,48:00,0.726027397260274,6.461187214611872,3.5901639344262297,2.6065573770491803,1.0,0.0,0.0,1.0,W,ATL,RED,0,0,0.0,12.0
2026,regular,2026_game_15,2026-ev-15,2026-ev-15,15,4,2026-06-06,CHA,Chaos,OUT,Outlaws,CHA,Chaos,OUT,Outlaws,1,12,12,12,0,5,38,0.31579,25,0.65789,2,0.0,1,21,16,6,0.38462,26,10,16,14,6,8,0.58333,0.42857142857142855,11,10,2,1.0,0.0,0,1,1,0.5,1,2,0.5,31,33,32,0.9697,2,1,260,206,1421.0,0.4934,41,/home/runner/work/PLL_Analytics/PLL_Analytics/data/source_data/api_responses/season_2026/game_2026-ev-15/team_game_stats.json.gz,41,1421,0.4934,41.0,56,2880.016214025132,normal,True,2880.006319582667,48:00,0.019788884930221684,Normal possession clock.,1,23:41,49.34%,48:00,0.7923076923076923,5.4653846153846155,4.642857142857143,3.6785714285714284,1.0,0.0,0.0,1.0,W,CHA,OUT,0,0,0.0,12.0
2026,regular,2026_game_15,2026-ev-15,2026-ev-15,15,4,2026-06-06,OUT,Outlaws,CHA,Chaos,OUT,Outlaws,CHA,Chaos,0,11,10,9,1,5,41,0.2439,28,0.68293,8,0.125,5,32,18,8,0.61538,26,16,10,13,7,6,0.52,0.5384615384615384,12,12,1,0.5,0.5,1,2,0,0.0,2,1,1.0,33,31,30,0.96774,5,0,283,224,1289.0,0.44757,44,/home/runner/work/PLL_Analytics/PLL_Analytics/data/source_data/api_responses/season_2026/game_2026-ev-15/team_game_stats.json.gz,44,1289,0.44757,44.0,64,2879.9964251402016,normal,True,2880.006319582667,48:00,0.019788884930221684,Normal possession clock.,1,21:29,44.76%,48:00,0.7915194346289752,4.554770318021202,4.421875,3.5,0.0,1.0,0.0,-1.0,L,CHA,OUT,0,0,0.0,11.0
2026,regular,2026_game_16,2026-ev-16,2026-ev-16,16,4,2026-06-07,CAN,Cannons,WAT,Waterdogs,CAN,Cannons,WAT,Waterdogs,0,10,9,8,1,6,44,0.20455,32,0.72727,11,0.09091,7,36,15,7,0.65517,29,19,10,13,5,8,0.44828,0.38461538461538464,17,16,4,2.5,0.25,1,3,2,0.5,4,4,0.5,30,29,29,1.0,3,1,276,217,1391.0,0.48299,43,/home/runner/work/PLL_Analytics/PLL_Analytics/data/source_data/api_responses/season_2026/game_2026-ev-16/team_game_stats.json.gz,43,1391,0.48299,43.0,62,2879.976811114102,normal,True,2879.988405557051,48:00,0.02318888589798007,Normal possession clock.,1,23:11,48.30%,48:00,0.7862318840579711,5.0398550724637685,4.451612903225806,3.5,0.0,1.0,0.0,-7.0,L,WAT,CAN,0,0,0.0,10.0
2026,regular,2026_game_16,2026-ev-16,2026-ev-16,16,4,2026-06-07,WAT,Waterdogs,CAN,Cannons,WAT,Waterdogs,CAN,Cannons,1,17,16,15,1,6,46,0.34783,30,0.65217,7,0.14286,5,31,12,8,0.34483,29,10,19,20,9,11,0.68966,0.45,10,9,4,5.0,0.5,2,3,1,0.25,4,4,0.75,29,30,30,1.0,1,1,258,200,1296.0,0.45,43,/home/runner/work/PLL_Analytics/PLL_Analytics/data/source_data/api_responses/season_2026/game_2026-ev-16/team_game_stats.json.gz,43,1296,0.45,43.0,59,2880.0,normal,True,2879.988405557051,48:00,0.02318888589798007,Normal possession clock.,1,21:36,45.00%,48:00,0.7751937984496124,5.023255813953488,4.372881355932203,3.389830508474576,1.0,0.0,0.0,7.0,W,WAT,CAN,0,0,0.0,17.0
